route_id,route_long_name,route_type,route_color
1012-10,Term. Jd. Britania - Jd. Monte Belo,3,509E2F
1015-10,Term. Jd. Britânia - Chác. Maria Trindade,3,509E2F
1016-10,Cem. Do Horto - Shop. Center Norte,3,002F6C
1017-10,Perus - Conexão Vl. Iório,3,509E2F
1018-10,Vl. Rosa - Metrô Santana,3,002F6C
1019-10,Sol Nascente - Term. Pirituba,3,509E2F
1020-10,Perus - Conexão Vl. Iório ,3,509E2F
1021-10,Cohab Brasilândia - Term. Pirituba,3,509E2F
1023-10,Vl. Pirituba - Cptm Pirituba,3,509E2F
1024-10,Jd. Carombé - Conexão Petrônio Portela,3,509E2F
1025-10,Jd. Carombé - Conexão Petrônio Portela,3,509E2F
1026-10,Vl. Iara - Conexão Petrônio Portela,3,509E2F
1034-10,Vl. Iara - Conexão Vl. Iório,3,509E2F
1036-10,Cohab Brasilândia - Conexão Vl. Iório,3,509E2F
106A-10,Metrô Santana - Itaim Bibi,3,002F6C
107T-10,Metrô Tucuruvi - Term. Pinheiros,3,002F6C
1156-10,Vl. Sabrina - Pça. Do Correio,3,002F6C
1177-10,Term. A. E. Carvalho - Luz,3,FFD100
1177-31,Term. A. E. Carvalho - Luz,3,FFD100
1178-10,São Miguel - Pça. Do Correio,3,FFD100
1178-31,São Miguel - Pça. Do Correio,3,FFD100
1178-32,Abel Tavares - Pça. Do Correio,3,FFD100
1178-33,Pça. Do Correio - São Miguel,3,FFD100
1178-42,Conj. Hab. Vl. Sílvia - Pça. Do Correio,3,FFD100
118C-10,Jd. Pery Alto - Term. Amaral Gurgel,3,002F6C
118Y-10,Lauzane Paulista - Lapa,3,002F6C
119C-10,Pq. Edu Chaves - Term. Princ. Isabel,3,002F6C
119L-1,Vl. Sulina - Term. Lapa,3,509E2F
119L-10,Vl. Sulina - Term. Lapa,3,509E2F
1206-10,Pq. Vl. Maria - Correio,3,002F6C
121G-10,Pq. Novo Mundo - Metrô Tucuruvi,3,002F6C
128Y-10,Jd. Pery Alto - Lapa,3,002F6C
129F-10,Conexão Petrônio Portela - Metrô Barra Funda,3,509E2F
129F-41,Conexão Petrônio Portela - Pça. Do Correio,3,509E2F
139A-10,Vl. Iório - Lapa,3,509E2F
148L-10,Cohab Antártica - Lapa,3,002F6C
148P-10,Pedra Branca - Metrô Barra Funda,3,002F6C
1701-10,Jova Rural - Metrô Santana,3,002F6C
1701-21,Jova Rural - Metrô Tucuruvi,3,002F6C
1701-22,Jova Rural - Metrô Tucuruvi,3,002F6C
1702-10,Jova Rural - Tietê,3,002F6C
1703-10,Jd. Fontális - Shop. Center Norte,3,002F6C
1705-10,Jd. São João - Metrô Tucuruvi,3,002F6C
1705-51,Cem. Pq. Da Cantareira - Metrô Tucuruvi,3,002F6C
1709-10,Jd. Joana D'arc - Metrô Tucuruvi,3,002F6C
1709-21,Jd. Joamar - Metrô Tucuruvi,3,002F6C
1720-10,Jd. Guancã - Cantareira,3,002F6C
1720-21,Vila Sabrina - Metrô Tucuruvi,3,002F6C
1721-10,Vl. Sabrina - Metrô Carandiru,3,002F6C
1722-10,Jd. Marina - Metrô Tucuruvi,3,002F6C
1726-10,Cem. Pq. Dos Pinheiros - Metrô Santana,3,002F6C
172J-10,Jd. Brasil - Tatuapé,3,002F6C
172K-10,Jd. Tremembé - Metrô Tatuapé,3,002F6C
172N-10,Shop. Center Norte - Metrô Belém,3,002F6C
172N-21,Uninove - Metrô Belém,3,002F6C
172N-22,Catumbi - Metrô Belém,3,002F6C
172P-10,Vl. Zilda - Metrô Belém,3,002F6C
172R-10,Jaçanã - Metrô Belém,3,002F6C
172U-10,Cem. Pq. Dos Pinheiros - Mooca,3,002F6C
172X-10,Pq. Novo Mundo - Metrô Tatuapé,3,002F6C
172Y-10,Vl. Constança - Metrô Belém,3,002F6C
1730-10,Center Norte - Metrô Santana,3,002F6C
1732-10,Vl. Sabrina - Term. Amaral Gurgel,3,002F6C
1738-10,Vl. Constança - Metrô Santana,3,002F6C
1741-10,Vl. Dionisia - Metrô Santana,3,002F6C
1742-10,Jd. Antártica - Metrô Santana,3,002F6C
1743-10,Jd. Pery Alto - Shop. D,3,002F6C
1744-10,Lauzane Paulista - Metrô Santana,3,002F6C
1745-10,Vl.nova Cachoeirinha - Shop. Center Norte,3,002F6C
174M-10,Vl. Sabrina - Museu Do Ipiranga,3,002F6C
1756-10,Pedra Branca - Metrô Santana,3,002F6C
1757-10,Conj. Dos Bancários - Metrô Santana ,3,002F6C
1758-10,Jd. Antártica - Metrô Santana,3,002F6C
1759-10,Jd. Pery - Metrô Santana,3,002F6C
175P-10,Metrô Santana - Ana Rosa,3,002F6C
175T-10,Metrô Santana - Metrô Jabaquara,3,002F6C
1760-10,Cohab Antártica - Shop. Center Norte,3,002F6C
1764-10,Jd. Corisco - Metrô Santana,3,002F6C
1765-10,Jd. Cabuçu - Metrô Tucuruvi,3,002F6C
1767-10,Pq. Edu Chaves - Metrô Tucuruvi,3,002F6C
1771-10,Jd. Fontális - Metrô Santana,3,002F6C
1772-10,Jd. Filhos Da Terra - Metrô Tucuruvi,3,002F6C
1773-10,Cem. Pq. Dos Pinheiros - Mandaqui,3,002F6C
1775-10,Vl. Albertina - Shop. Center Norte,3,002F6C
1778-10,Jd. Cabuçu - Metrô Santana,3,002F6C
177H-10,Metrô Santana - Cid. Universitária,3,002F6C
177H-21,Metrô Santana - Pinheiros,3,002F6C
177Y-10,Metrô Barra Funda - Pinheiros,3,002F6C
1780-10,Jd. Hebron - Metrô Parada Inglesa,3,002F6C
1782-10,Vl. Nova Galvão - Metrô Santana,3,002F6C
1783-10,Cachoeira - Metrô Santana,3,002F6C
1783-22,Jd. Labitary - Metrô Santana,3,002F6C
1785-10,Vl. Aurora - Metrô Santana,3,002F6C
1786-10,Vl. Albertina - Metrô Santana,3,002F6C
1787-10,Vl. Marieta - Metrô Santana,3,002F6C
1788-10,Jd. Fontális - Metrô Santana,3,002F6C
1788-51,Jd. Campo Limpo - Metrô Santana,3,002F6C
178A-10,Metrô Santana - Lapa,3,002F6C
178L-10,Lauzane Paulista - Hosp. Das Clínicas,3,002F6C
178T-10,Metrô Santana - Ceasa,3,002F6C
178Y-10,Vl. Amélia - Metrô Jd. São Paulo,3,002F6C
178Y-21,Conj. Dos Bancários - Metrô Jd. São Paulo,3,002F6C
179X-10,Jd. Fontális - Metrô Barra Funda,3,002F6C
1896-10,Jaraguá - Pça. Ramos De Azevedo,3,509E2F
189L-10,Conexão Vl. Iório - Lapa,3,509E2F
199D-10,Conexão Vl. Iório - Term. Pinheiros,3,509E2F
2002-10,Term. Pq. D. Pedro Ii - Term. Bandeira,3,DA291C
2004-10,Jd. Nsa. Sra. Do Caminho - Cptm Guaianazes,3,FFD100
2005-10,Jd. Romano - São Miguel,3,FFD100
2006-10,Cid. Kemel I - Cptm Itaim Paulista,3,FFD100
2007-10,Cid. Kemel Ii - Cptm Itaim Paulista,3,FFD100
2008-10,Jd. Nsa. Sra. Do Caminho - Cptm Itaim Paulista,3,FFD100
2009-10,Jd. Robru - Cptm Guaianazes,3,FFD100
2010-10,Pq. Edu Chaves - Shop. D,3,002F6C
2010-21,Jd. Brasil - Metrô Santana,3,002F6C
2011-10,Vl. Sabrina - Metrô Santana,3,002F6C
2012-10,Vl. Medeiros - Metrô Tietê,3,002F6C
2013-10,Cohab Antártica - Cachoeirinha,3,002F6C
2014-10,Jd. Pery Alto - Metrô Barra Funda,3,002F6C
2016-10,Jd. Das Oliveiras - São Miguel,3,FFD100
2017-10,Jd. Robru - São Miguel,3,FFD100
2018-10,Jd. Campos - São Miguel,3,FFD100
2019-10,Pq. Paineiras - Shop. Penha,3,FFD100
2020-10,Horto Florestal - Metrô Tucuruvi,3,002F6C
2021-10,Jd. Bandeirantes - Cptm Guaianazes,3,FFD100
2023-10,Cachoeira - Metrô Tucuruvi,3,002F6C
2023-41,Jd. Labitary - Metrô Tucuruvi,3,002F6C
2024-10,Dib - Cachoeira,3,002F6C
2025-10,Vl. Nova Galvão - Santana,3,002F6C
2026-10,Jaçanã - Pq. Novo Mundo,3,002F6C
2028-10,Vl. Ayrosa - Metrô Tucuruvi,3,002F6C
2029-10,Jd. Fontális - Metrô Tucuruvi,3,002F6C
2030-10,Lauzane Paulista - Metrô Santana,3,002F6C
2031-10,Cid. Kemel Ii - Term. A. E. Carvalho,3,FFD100
2032-10,Jd. Brasil - Metrô Carandiru,3,002F6C
2033-10,Vl. Sabrina - Shop. D,3,002F6C
2058-10,Term. São Miguel - Cptm Guaianazes,3,FFD100
2059-10,São Miguel - Cptm Guaianazes,3,FFD100
2060-10,Term. A. E. Carvalho - Metrô Artur Alvim,3,FFD100
2076-10,Jd. Das Oliveiras - Term. Penha,3,FFD100
2079-10,Jd. Nélia - Cptm Itaim Paulista,3,FFD100
2080-10,Cid. Kemel - Term. Aricanduva,3,FFD100
2088-10,Conj. Encosta Norte - Term. A. E. Carvalho,3,FFD100
208M-10,Metrô Santana - Term. Pinheiros,3,002F6C
208V-10,Term. A. E. Carvalho - Term. Pq. D. Pedro Ii,3,FFD100
209P-1,Cachoeirinha - Term. Pinheiros,3,509E2F
209P-10,Cachoeirinha - Term. Pinheiros,3,002F6C
2100-10,Term. Vl. Carrão - Pça. Da Sé,3,DA291C
2100-21,Term. Vl. Carrão - Term. Pq. D. Pedro Ii,3,DA291C
2100-41,Jd. Vl. Formosa - Pça. Da República,3,DA291C
2101-10,Pça. Silvio Romero - Pça. Da Sé,3,DA291C
2101-41,Pça. Silvio Romero - Term. Vl. Prudente,3,DA291C
2104-10,Metrô Santana - Term. Pq. D. Pedro Ii,3,002F6C
2105-10,Jd. Filhos Da Terra - Lgo. Da Concórdia,3,002F6C
211L-10,Mandaqui - Lapa,3,002F6C
211V-10,Vl. Paranaguá - Penha,3,FFD100
2123-10,Vl. Medeiros - Liberdade,3,002F6C
2127-10,Pq. Edu Chaves - Liberdade,3,002F6C
2.13E-08,Pq. Edu Chaves - Metrô Belém,3,002F6C
2161-10,Pq. Edu Chaves - Pça. Do Correio,3,002F6C
2175-10,Pq. Edu Chaves - Term. Pq. D. Pedro Ii,3,002F6C
2182-10,Jd. Brasil - Pça. Do Correio,3,002F6C
2201-10,Div. De Ferraz - Cptm Guaianazes,3,FFD100
2202-10,Jd. Das Oliveiras - Cptm Guaianazes,3,FFD100
2203-10,Burgo Paulista - Shop. Penha,3,FFD100
2290-10,Term. São Mateus - Term. Pq. D. Pedro Ii,3,DA291C
2290-21,São Mateus - Term. Pq. D. Pedro Ii,3,DA291C
233A-10,Jd. Helena - Term. Vl. Carrão,3,FFD100
233C-10,Term. A. E. Carvalho - Ceret,3,FFD100
2363-10,Jd. Danfer - Term. Pq. D. Pedro Ii,3,FFD100
2435-10,Jd. Coimbra - Term. Aricanduva,3,FFD100
2451-10,Vl. São Francisco - Term. Aricanduva,3,FFD100
2522-10,Jd. Sto. Antônio - Metrô Itaquera,3,FFD100
2523-10,Vl. Progresso - Term. A. E. Carvalho,3,FFD100
253F-10,Term. A. E. Carvalho - Term. São Mateus,3,FFD100
2551-10,Term. A. E. Carvalho - Term. Pq. D. Pedro Ii,3,FFD100
2552-10,Vl. Mara - Term. Pq. D. Pedro Ii,3,FFD100
2552-41,Jd. São Martinho - Term. Pq. D. Pedro Ii,3,FFD100
2582-10,Vl. Nova Curuçá - Term. Pq. D. Pedro Ii,3,FFD100
2582-21,Cid. Pedro José Nunes - Term. Pq. D. Pedro Ii,3,FFD100
2583-10,Vl. Curuçá - Term. Aricanduva,3,FFD100
2590-10,União De Vl. Nova - Pq. D. Pedro Ii,3,6341
2626-10,Jd. Nazaré - Term. Pq. D. Pedro Ii,3,FFD100
263C-10,Jd. Helena - Cohab Ii,3,FFD100
263J-10,Penha - Conj. José Bonifácio,3,FFD100
2666-10,Jd. Camargo Velho - Term. Pq. D. Pedro Ii,3,FFD100
2666-21,Jd. Camargo Velho - Term. Pq. D. Pedro Ii,3,FFD100
2678-10,Oliveirinha - Term. Pq. D. Pedro Ii,3,FFD100
2678-41,Jd. Camargo Novo - Term. Pq. D. Pedro Ii,3,FFD100
2702-10,Vl. Americana - Metrô Artur Alvim,3,FFD100
2702-21,Jd. Pedro José Nunes - Metrô Artur Alvim,3,FFD100
2703-10,Jd. Etelvina - Metrô Itaquera,3,FFD100
2703-21,Jd. Etelvina - Metrô Itaquera,3,FFD100
2703-22,Jd. Gianetti - Metrô Itaquera,3,FFD100
2704-10,Jd. Robru - Metrô Itaquera,3,FFD100
2705-10,Jd. Fanganielo - Metrô Itaquera,3,FFD100
2707-10,Chabilândia - Metrô Itaquera,3,FFD100
2707-31,Chabilândia - Metrô Itaquera,3,FFD100
2708-10,Jd. Lajeado - Metrô Itaquera,3,FFD100
2709-10,Metrô Patriarca - Vl. União,3,DA291C
2709-31,Metrô Patriarca - Vl. União,3,DA291C
2710-10,Metrô Patriarca - Burgo Paulista,3,DA291C
2710-31,Metrô Patriarca - Term. A. E. Carvalho,3,DA291C
2711-10,Ponte Rasa - Metrô Patriarca,3,DA291C
2712-10,Jd. São Nicolau - Shop. Metrô Itaquera,3,DA291C
2713-10,Metrô Penha - Chác. Bela Vista,3,FFD100
2714-10,Metrô Vl. Matilde - Vl. Rui Barbosa,3,DA291C
2715-10,Vl. Sílvia - Metrô Patriarca,3,DA291C
2716-10,Chác. Cruz. Do Sul - Metrô Penha,3,DA291C
2717-10,Metrô Guilhermina/esperança - Cangaíba,3,DA291C
2718-10,Vl. Sílvia - Metrô Penha,3,DA291C
2719-10,Ermelino Matarazzo - Metrô Vl. Matilde,3,DA291C
271A-10,Term. Penha - Metrô Santana,3,002F6C
271A-51,Cangaíba - Metrô Santana,3,002F6C
271C-10,Pq. Vl. Maria - Term. Princ. Isabel,3,002F6C
271F-10,Center Norte - Metrô Belém     ,3,002F6C
271M-10,Pq. Novo Mundo - Metrô Santana,3,002F6C
271P-10,Cangaíba - Luz,3,002F6C
2720-10,Jd. Belém - Metrô Guilhermina/esperança,3,DA291C
2720-31,Jd. Belém - Metrô Guilhermina/esperança,3,DA291C
2721-10,Jd. Nazaré - Metrô Itaquera,3,DA291C
2722-10,Jd. Veronia - Metrô Guilhermina/esperança,3,DA291C
2722-31,Metrô Guilhermina/esperança - Jd. Verônia,3,DA291C
2723-10,União De Vl. Nova - Metrô Itaquera,3,DA291C
2724-10,Metrô Artur Alvim - Conj. Araucária,3,DA291C
2725-10,Metrô Artur Alvim - Jd. São Carlos,3,DA291C
2726-10,Limoeiro - Metrô Penha,3,FFD100
2727-10,Metrô Artur Alvim - Conj. A. E. Carvalho,3,DA291C
2728-10,Jd. Do Castelo - Metrô Penha,3,DA291C
272N-10,Pq. Novo Mundo - Pq. D. Pedro Ii,3,002F6C
2730-10,Vl. Jacui - Metrô Artur Alvim,3,FFD100
2731-10,Vl. Progresso - Metrô Itaquera,3,FFD100
2732-10,Metrô Artur Alvim - Vl. Regina,3,DA291C
2733-10,Pq. Guarani - Metrô Itaquera,3,DA291C
2734-10,Jd. Campos - Metrô Itaquera,3,FFD100
2735-10,Jd. Keralux - Metrô Penha,3,DA291C
2735-21,Jd. São Francisco - Metrô Penha,3,DA291C
273D-10,Pq. D. João Nery - Metrô Artur Alvim,3,FFD100
273F-10,Vl. Mara - Metrô Itaquera,3,FFD100
273G-10,Jd. Helena - Metrô Artur Alvim,3,FFD100
273G-21,Jd. Noêmia - Metrô Artur Alvim,3,FFD100
273J-10,Jd. Romano - Metrô Penha,3,FFD100
273L-10,Cptm José Bonifácio - Metrô Artur Alvim,3,FFD100
273N-10,Cid. Kemel Ii - Metrô Vl. Matilde,3,FFD100
273N-41,Itaim Paulista - Metrô Vl. Matilde,3,FFD100
273R-10,Jd. Robru - Metrô Artur Alvim,3,FFD100
273R-42,Jd. Robru - Metrô Itaquera,3,FFD100
273V-10,Parada Xv De Novembro - Metrô Penha,3,FFD100
273X-10,Jd. Das Oliveiras - Metrô Artur Alvim,3,FFD100
2740-10,Pedra Branca - Metrô Santana,3,002F6C
274P-10,Penha - Metrô Vl. Mariana,3,FFD100
2755-10,Guaianazes - Metrô Penha,3,FFD100
2756-10,Guaianazes - Metrô Patriarca,3,FFD100
2762-10,Ermelino Matarazzo - Metrô Tatuapé,3,FFD100
2765-10,Vl. Cisper - Metrô Tatuapé,3,FFD100
2766-10,Jd. Camargo Velho - Metrô Itaquera,3,FFD100
2766-41,Jd. Indaiá - Metrô Itaquera,3,FFD100
2767-10,Cid. Pedro José Nunes - Metrô Tatuapé,3,FFD100
2769-10,Jd. Romano - Metrô Tatuapé,3,FFD100
2770-10,Cptm José Bonifácio - Metrô Vl. Matilde,3,FFD100
2772-10,Jd. Nazaré - Metrô Penha,3,FFD100
2780-10,Jd. Camargo Novo - Metrô Itaquera,3,FFD100
278A-10,Metrô Santana - Penha  ,3,002F6C
297A-10,Vl. Santa Maria - Metrô Barra Funda,3,002F6C
3001-10,Itaim Paulista - Term. São Miguel,3,FFD100
3002-10,Jd. Mabel - São Miguel,3,FFD100
3003-10,Jd. São Martinho - Cptm Vl. Mara/itaim,3,FFD100
3004-10,Jd. São Martinho - Cptm Vl. Mara/itaim,3,FFD100
3006-10,Jd. Fanganielo - Cptm Guaianazes,3,FFD100
3006-21,Etec Guaianazes - Cptm Guaianazes,3,FFD100
3008-10,Jd. Miriam - Cptm Itaim Paulista,3,FFD100
3009-10,Itaim Paulista - Cptm Itaim Paulista,3,FFD100
3010-10,Cem. Da Saudade - Term. A. E. Carvalho,3,FFD100
3013-10,Term. Cid. Tiradentes - Metalúrgicos,3,DA291C
3015-10,Jd. Romano - Jd. Mabel,3,FFD100
3019-10,Term. Cid. Tiradentes - Vl. Paulista I,3,DA291C
3020-10,Cohab José Bonifácio  - Shop. Aricanduva,3,DA291C
3021-10,Pq. Bancário - Term. Vl Prudente,3,6341
3023-10,Shop. Aricanduva - Pq. São Rafael,3,DA291C
3024-10,Vl. Industrial - Term. Vl Prudente,3,6341
3025-10,Jd. Wilma Flor - Cptm Guaianazes,3,DA291C
3026-10,Vl. Iolanda Ii - Cptm Guaianazes,3,FFD100
3027-10,Cptm Guaianazes - Shop. Aricanduva,3,DA291C
3029-10,Jd. Das Rosas - Metrô Tatuapé,3,DA291C
3031-10,Jd. Alto Paulistano - Metrô Itaquera,3,DA291C
3032-10,Term. Vl. Carrão - Circular,3,DA291C
3033-10,Guaianazes - São Mateus,3,FFD100
3046-10,Vl. Guarani - Metrô Tatuapé,3,DA291C
3051-10,Ermelino Matarazzo - Term. A. E. Carvalho,3,FFD100
3053-10,Jd. Itápolis - Metrô Belém,3,DA291C
3054-10,Jd. Palanque - Hosp. Sapopemba,3,DA291C
3063-10,Guaianazes - Term. São Mateus,3,FFD100
3063-41,Guaianazes - Term. São Mateus,3,FFD100
3064-10,Cid. Tiradentes - Cptm Guaianazes,3,FFD100
3064-41,Term. Cid. Tiradentes - Sta. Etelvina Ii B6,3,FFD100
3069-10,Jd. Recanto Verde Sol - Term. São Mateus,3,DA291C
307C-10,Conj. Encosta Norte - Metrô Artur Alvim,3,FFD100
3098-10,Jd. São Francisco - Shop. Aricanduva,3,6341
3099-10,Hosp. São Mateus - Jd. Da Conquista,3,6341
3112-10,Vl. Industrial - Metrô Belém,3,6341
311C-10,Pq. São Lucas - Bom Retiro,3,6341
312N-10,Term. Cid. Tiradentes - São Miguel Paulista,3,DA291C
3134-10,Shop. Aricanduva - Metrô Tamanduateí,3,DA291C
3139-10,Jd. Vl. Formosa - Pça. João Mendes,3,DA291C
3141-10,São Mateus - Term. Pq. D. Pedro Ii,3,6341
314J-10,Pq. Sta. Madalena - Pça. Almeida Jr.,3,6341
314V-10,Vl. Ema - Pça. Almeida Jr.,3,6341
3160-10,Term. Vl. Prudente - Term. Pq. D. Pedro Ii,3,DA291C
3161-10,Jd. Colorado - Term. Pq. D. Pedro Ii,3,6341
3206-10,Metrô Penha - Conj. Chaparral,3,FFD100
3301-10,Term. São Miguel - Term. Pq. D. Pedro Ii,3,FFD100
3309-10,Vl. Carrão - Ccpd Raul Tabajara,3,DA291C
331T-10,Jd. Helena - Ccpd Raul Tabajara,3,FFD100
3390-10,São Mateus - Term. Pq. D. Pedro Ii,3,6341
3414-10,Vl. Dalila - Term. Pq. D. Pedro Ii,3,DA291C
342C-10,Jd. Marília - Penha,3,DA291C
342M-10,Term. São Mateus - Term. Penha,3,DA291C
342N-10,Cohab Pres. Juscelino Kubitscheck - E.t. Itaquera,3,DA291C
3459-10,Itaim Paulista - Term. Pq. D. Pedro Ii,3,FFD100
3459-21,Cem. Da Saudade - Term. Pq. D. Pedro Ii,3,FFD100
3459-23,Metrô Bresser - Itaim Paulista,3,FFD100
3459-24,Itaim Paulista - Term. Pq. D. Pedro Ii,3,FFD100
3462-10,Vl. Santana - Metrô Tatuapé,3,FFD100
3462-41,Jd. Vl. Nova - Metrô Tatuapé,3,FFD100
351F-10,Jaçanã - Term. Vl. Carrão,3,002F6C
352A-10,Jd. Helena - Term. São Mateus,3,FFD100
3539-10,Cid. Tiradentes - Metrô Bresser,3,DA291C
354M-10,Term. São Miguel - Term. São Mateus,3,FFD100
364A-10,Hosp. Ipiranga - Shop. Aricanduva,3,6341
3686-10,Jd. São Paulo - Term. Pq. D. Pedro Ii,3,FFD100
3686-21,Jd. São Paulo - Metrô Vl. Matilde,3,FFD100
3712-10,Jd. São João - Metrô Itaquera,3,DA291C
3712-51,Vl. Cosmopolita - Metrô Itaquera,3,DA291C
3718-10,Metrô Artur Alvim - Nova America,3,DA291C
3721-10,Shop. Aricanduva - Metrô Artur Alvim,3,DA291C
3721-41,Shop. Aricanduva - Metrô Itaquera,3,DA291C
3722-10,Cohab José Bonifácio - Metrô Penha,3,DA291C
3725-10,Metrô Vl. Matilde - Vl. Dalila,3,DA291C
3725-41,Metrô Vl. Matilde - Vl. Aricanduva,3,DA291C
3728-10,Metrô Artur Alvim - Pq. Savoy City,3,DA291C
3728-41,Metrô Artur Alvim - Pq. Nova Savoy,3,DA291C
3729-10,Shop. Aricanduva - Metrô Carrão,3,DA291C
372F-10,Univ. São Judas Tadeu - Metrô Bresser,3,DA291C
372U-10,Vl. Sta. Isabel - Metrô Tatuapé,3,DA291C
3731-10,Shop. Aricanduva - Metrô Vl. Matilde,3,DA291C
3732-10,Cptm José Bonifácio - Metrô Itaquera,3,DA291C
3734-10,Cid. Lider - Metrô Artur Alvim,3,DA291C
3735-10,Metrô Artur Alvim - Jd. São João ,3,DA291C
3735-21,Metrô Artur Alvim - Jd. São João ,3,DA291C
3735-41,Metrô Artur Alvim - Jd. São José,3,DA291C
3736-10,Jd. Nsa. Sra. Do Carmo - Metrô Artur Alvim,3,DA291C
3737-10,Shop. Aricanduva - Metrô Guilhermina/esperança,3,DA291C
3737-21,Jd. Sta. Maria - Metrô Guilhermina/esperança,3,DA291C
3737-31,Metrô Guilhermina/esperança  - Circular,3,DA291C
3738-10,Cohab Juscelino - Metrô Itaquera,3,DA291C
3739-10,Recanto Verde Sol - Metrô Itaquera,3,DA291C
373L-10,Jd. Limoeiro - Metrô Itaquera,3,DA291C
373M-10,Jd. Guairacá - Shop. Metrô Tatuapé,3,6341
373T-10,Jd. Itápolis - Metrô Bresser,3,6341
3741-10,Cptm D. Bosco - Metrô Itaquera,3,DA291C
3742-10,Jd. Laranjeira - Metrô Itaquera,3,DA291C
3743-10,São Mateus - Metrô Itaquera,3,DA291C
3745-10,Jd. Imperador - Metrô Tatuapé,3,DA291C
3746-10,Jd. Imperador - Metrô Belém,3,6341
3746-31,Jd. Imperador - Metrô Belém,3,6341
374M-10,Cptm Ermelino Matarazzo - Metrô Itaquera,3,FFD100
374V-10,Jd. Santana - Metrô Itaquera,3,DA291C
3751-10,Cohab Prestes Maia - Metrô Itaquera,3,DA291C
3754-10,Inácio Monteiro - Metrô Itaquera,3,FFD100
3756-10,Barro Branco - Metrô Itaquera ,3,FFD100
3761-10,3a. Divisão - Metrô Carrão,3,DA291C
3762-10,Jd. Iva - Metrô Tatuapé,3,DA291C
3763-10,Term. Vl. Carrão - Metrô Tatuapé,3,DA291C
3766-10,Cohab Ii - Metrô Itaquera,3,DA291C
3768-10,Vl. Yolanda - Cptm José Bonifácio,3,FFD100
3773-10,Res. Sta. Bárbara - Metrô Carrão,3,DA291C
3778-10,Jd. Sta. Terezinha - Metrô Carrão,3,DA291C
3785-10,Cohab Barro Branco - Metrô Itaquera,3,DA291C
3787-10,Cid. Tiradentes - Metrô Itaquera,3,DA291C
3789-10,Cid. Tiradentes - Metrô Itaquera,3,DA291C
3791-10,Shop. Aricanduva - Metrô Artur Alvim,3,DA291C
3795-10,Jd. São Carlos - Metrô Itaquera,3,FFD100
3796-10,Gleba Do Pessego - Metrô Itaquera,3,DA291C
3901-10,Jd. Danfer - Metrô Penha,3,FFD100
3902-10,Cptm Jd. Romano - Cptm Guaianazes,3,FFD100
3903-10,Jd. Vl. Nova - Penha,3,FFD100
3.9E-08,Term. Penha - Term. Pq. D. Pedro Ii,3,FFD100
3.9E-39,Etec Pq. Belém - Metrô Tatuapé,3,FFD100
3.9E-40,Etec Pq. Belém - Metrô Belém,3,FFD100
4001-10,Itaquera - Term. Vl. Carrão,3,FFD100
4002-10,Guaianazes - Term. Vl. Carrão,3,FFD100
4003-10,Inácio Monteiro - E.t. Itaquera,3,DA291C
4004-10,Term. Cid. Tiradentes - Barro Branco,3,DA291C
4005-10,Term. Cid. Tiradentes - Barro Branco,3,DA291C
4006-10,Jd. Nova Vitória - Circular,3,DA291C
4006-21,Jd. Nova Vitória - Circular,3,DA291C
4007-10,Cohab Juscelino - Term. Vl. Carrão,3,DA291C
4008-10,Jd. Cibele - Term. Vl. Carrão,3,DA291C
4008-21,Cohab José Bonifácio C  - Circular,3,DA291C
4010-10,Jd. Nsa. Sra. Do Carmo - Term. Vl. Carrão,3,DA291C
4011-10,Jd. Limoeiro - Term. São Mateus,3,DA291C
4012-10,Jd. Iguatemi - Term. São Mateus,3,DA291C
4013-10,Jd. Sto. André - Term. São Mateus,3,DA291C
4014-10,Jd. Vl. Carrão - Term. Vl. Carrão,3,DA291C
4015-10,Term. São Mateus - Jd. Rodolfo Pirani,3,DA291C
4016-10,Term. São Mateus - Jd. Rodolfo Pirani,3,DA291C
4017-10,Vl. Yolanda - Metalúrgicos,3,DA291C
4018-10,Metalúrgicos - Term. São Mateus,3,DA291C
4019-10,Metrô Itaquera  - Circular,3,FFD100
4020-10,E. T. Itaquera - Jd. Novo Horizonte,3,DA291C
4021-10,Metrô Itaquera - Vl. Chuca,3,DA291C
4024-10,Cohab Fazenda Do Carmo - E.t. Itaquera,3,DA291C
4025-10,Vl. Califórnia - Metrô Tatuapé,3,6341
4027-10,Hosp. São Mateus - Jd. Sto. André,3,6341
4027-41,Morro Do Cruzeiro - São Mateus,3,6341
4028-10,Hosp. São Mateus - Div. De Mauá,3,6341
4029-10,São Mateus - Term. Vl Prudente,3,6341
4030-10,Fazenda Da Juta - Shop. Aricanduva,3,6341
4031-10,Pq. Sta. Madalena - Metrô Tamanduateí,3,6341
4032-10,Vl. Das Mercês - Objetivo Unip,3,6341
4033-10,Jd. Guairacá - Nova Conquista,3,6341
4035-10,Guaianazes - Metrô Itaquera,3,FFD100
4036-10,Metrô Itaquera - Term. Vl. Carrão,3,FFD100
403A-10,Cptm José Bonifácio - Term. Penha,3,DA291C
4051-10,Jd. São Paulo - Cptm Guaianazes,3,FFD100
4052-10,Cptm Guaianazes - Metrô Itaquera,3,FFD100
4053-10,Guaianazes - Cptm Guaianazes,3,FFD100
4055-10,Cptm Guaianazes - Vl. Solange,3,FFD100
4056-10,Pq. Boa Esperança - Term. São Mateus,3,FFD100
407A-10,Shop. Aricanduva - Lgo. Da Concórdia,3,DA291C
407A-21,Shop. Aricanduva - Metrô Belém,3,DA291C
4.07E-08,Jd. Sto. André - Metrô Carrão,3,DA291C
407F-10,Term. São Mateus - Metrô Belém,3,FFD100
407G-10,Jd. Nova Vitória - Metrô Carrão,3,DA291C
407H-10,Jd. São Francisco - Metrô Itaquera,3,DA291C
407I-10,Conj. Manoel Da Nóbrega - Metrô Bresser,3,DA291C
407I-21,Conj. Manoel Da Nóbrega - Metrô Tatuapé,3,DA291C
407J-10,Jd. Soares - Metrô Tatuapé,3,DA291C
407K-10,Term. São Mateus - Metrô Carrão,3,FFD100
407L-10,Barro Branco - Metrô Guilhermina/esperança,3,DA291C
407M-10,Vl. Monumento - Metrô Vl. Mariana,3,6341
407N-10,Term. Cid. Tiradentes - Metrô Penha,3,DA291C
407N-21,Jd. Roseli - Metrô Penha,3,DA291C
407P-10,Term. Cid. Tiradentes - Metrô Tatuapé,3,DA291C
407R-10,Term. Vl. Carrão - Metrô Belém,3,DA291C
407T-10,Jd. Redil - Metrô Itaquera,3,FFD100
407W-10,Jd. Iv Centenário - Metrô Carrão,3,DA291C
407Y-10,Pq. Savoy City - Metrô Vl. Prudente,3,DA291C
4085-10,Cohab Fazenda Do Carmo - Metrô Itaquera,3,FFD100
4086-10,Term. Cid. Tiradentes - Circular,3,DA291C
408A-10,Machado De Assis - Cardoso De Almeida,3,DA291C
4092-10,Term. Cid. Tiradentes - Setor Iib,3,DA291C
4093-10,Cid. Tiradentes - Term. Cid. Tiradentes,3,FFD100
4111-10,Vl. Monumento - Pça. Da República,3,6341
4112-10,Sta. Margarida Maria - Pça. Da República,3,DA291C
4113-10,Gentil De Moura - Pça. Da República,3,DA291C
4114-10,Vl. Gumercindo - Term. Pq. D. Pedro Ii,3,6341
4115-10,Shop. Plaza Sul - Pça. Da República,3,6341
414P-10,Vl. Industrial - Term. Norte Metrô Carrão,3,6341
4210-10,Term. Cid. Tiradentes - Term. Pq. D. Pedro Ii,3,FFD100
4221-10,Jd. Planalto - Term. Pq. D. Pedro Ii,3,6341
4222-10,Pq. Sta. Madalena - Mooca,3,6341
4.25E-08,Jd. Ester - Term. Sapopemba,3,6341
4284-10,Vl. Califórnia - Term. Vl. Prudente,3,6341
4286-10,Vl. Industrial - Term. Vl Prudente,3,6341
4288-10,Pq. Sta. Madalena - Term. Pq. D. Pedro Ii,3,6341
4310-10,E.t. Itaquera - Term. Pq. D. Pedro Ii,3,FFD100
4310-21,Artur Alvim - Term. Pq. D. Pedro Ii,3,FFD100
4311-10,Term. São Mateus - Term. Pq. D. Pedro Ii,3,FFD100
4312-10,Jd. Marília - Term. Pq. D. Pedro Ii,3,FFD100
4312-21,Jd. Marília - Metrô Belém,3,FFD100
4313-10,Term. Cid. Tiradentes - Term. Pq. D. Pedro Ii,3,FFD100
4314-10,Inácio Monteiro - Term. Pq. D. Pedro Ii,3,FFD100
4314-21,Inácio Monteiro - Term. Vl. Carrão,3,FFD100
4315-10,Term. Vl. Carrão - Term. Pq. D. Pedro Ii,3,FFD100
4491-10,Zoológico - Term. Pq. D. Pedro Ii,3,6341
4706-10,Jd. Maria Estela Ii - Metrô Vl. Mariana,3,6341
4708-10,Jd. Clímax - Metrô Vl. Mariana,3,6341
4709-10,Jd. São Savério - Metrô Vl. Mariana,3,6341
4716-10,Sacomã - Metrô Sta. Cruz,3,6341
4717-10,Jd. Maria Estela - Metrô Saúde,3,6341
4718-10,Jd. Celeste - Metrô Sta. Cruz,3,6341
4721-10,Shop. Plaza Sul - Metrô Jabaquara,3,6341
4724-10,Metrô Patriarca - Vl. Nhocuné,3,DA291C
4725-10,Vl. Brasilina - Shop. Ibirapuera,3,6341
4726-10,Mooca - Metrô Tatuapé,3,6341
4726-31,Mooca - Metrô Tatuapé,3,6341
4727-10,Jd. Clímax - Metrô Pça. Da áRvore,3,6341
4729-10,Pq. Bancário - Metrô Belém,3,6341
4732-10,Vl. Liviero - Metrô Saúde,3,6341
4732-31,Vl. Liviero - Metrô Saúde,3,6341
4734-10,Vl. Moraes - Metrô Saúde,3,6341
4734-21,Vl. Moraes - Metrô Saúde,3,6341
4735-10,Jd. Vera Cruz  - São Mateus,3,6341
4742-10,Jd. Clímax - Metrô São Judas,3,6341
475M-10,Jd. Da Saúde - Term. Amaral Gurgel,3,6341
475R-10,Jd. São Savério - Term. Pq. D. Pedro Ii,3,6341
475R-21,Jd. São Savério - Metrô Saúde,3,6341
476A-10,Ipiranga - Term. Sto. Amaro,3,6341
476G-10,Jd. Elba - Ibirapuera,3,6341
476G-41,Vl. Industrial - Metrô Ana Rosa,3,6341
476L-10,Metrô Vl. Mariana - Lar Esc. São Francisco,3,0082BA
477A-10,Sacomã - Term. Pinheiros,3,6341
477P-10,Ipiranga - Rio Pequeno,3,6341
477U-10,Heliópolis - Metrô Vl. Mariana,3,6341
478P-10,Sacomã - Vl. Romana,3,6341
5010-10,Jabaquara - Sto. Amaro,3,0082BA
5011-10,Eldorado - Sto. Amaro,3,0082BA
5012-10,Vl. Guacuri - Jabaquara,3,0082BA
5013-10,Jd. Luso - Sto. Amaro,3,0082BA
5013-31,Jd. Miriam - Sto. Amaro,3,0082BA
5015-10,Jd. São Jorge - Metrô Jabaquara,3,0082BA
5018-10,Shop. Interlagos - Jabaquara,3,0082BA
5018-31,Shop. Interlagos - Jabaquara,3,0082BA
5020-10,Hosp. Heliópolis - Term. Sacomã,3,6341
5021-10,Água Funda - Term. Sacomã,3,6341
5022-10,Vl. Sta. Margarida - Jabaquara,3,0082BA
5024-10,Missionária - Sto. Amaro,3,0082BA
5024-31,Missionária - Sto. Amaro,3,0082BA
5025-10,Jd. Guairacá - Metrô Tamanduateí,3,6341
5026-10,Conj. Teotônio Vilela - Jd. São Roberto,3,6341
5028-10,Conj. Hab. Heliópolis - Metrô Alto Do Ipiranga,3,6341
5029-10,Jd. Patente - Term. Sacomã,3,6341
502J-10,Cptm Autódromo - Metrô Sta. Cruz,3,0082BA
502J-21,Cptm Autódromo - Vl. Joaniza,3,0082BA
502J-22,Cptm Autódromo - Vl. Joaniza,3,0082BA
502J-23,Cptm Autódromo - Metrô Conceição,3,0082BA
5030-10,Jd. Maria Estela - Term. Sacomã,3,6341
5031-10,Vl. Arapuá - Term. Sacomã,3,6341
5031-21,Vl. Cde. Do Pinhal - Term. Sacomã,3,6341
5032-10,Vl. Arapuá - Term. Sacomã,3,6341
5033-10,Vl. Brasilina - Term. Sacomã,3,6341
5034-10,Vl. Liviero - Term. Sacomã,3,6341
5034-31,Term. Sacomã - Vl. Liviero,3,6341
5035-10,Vl. Arapuá - Term. Sacomã,3,6341
5036-10,Jd. Celeste - Term. Sacomã,3,6341
5038-10,Pq. Bristol - Term. Sacomã,3,6341
507T-10,Term. Sapopemba - Metrô Carrão,3,DA291C
508L-10,Term. Princ. Isabel - Aclimação,3,FFD100
5091-10,Jd. Ubirajara - Metrô São Judas,3,0082BA
509J-10,Jd. Selma - Pq. Ibirapuera,3,0082BA
509M-10,Jd. Miriam - Term. Princ. Isabel,3,0082BA
5100-10,Term. Pinheiros - Term. Pq. D. Pedro Ii,3,FF671F
5103-10,Term. Sacomã - Moema,3,6341
5103-21,Term. Sacomã - Metrô Sta. Cruz,3,6341
5105-10,Term. Sacomã - Term. Mercado,3,6341
5106-10,Jd. Selma - Lgo. São Francisco,3,0082BA
5106-21,Jd. Selma - Term. áGua Espraiada,3,0082BA
5106-31,Jd. Selma - Metrô Ana Rosa,3,0082BA
5107-10,Term. Sacomã - Pça. Do Correio,3,6341
5108-10,Jd. Celeste - Term. Pq. D. Pedro Ii,3,6341
5109-10,Term. Vl. Prudente - Term. Mercado,3,6341
5110-10,Term. São Mateus - Term. Mercado,3,6341
5110-21,São Mateus - Term. Mercado,3,6341
5110-22,Fazenda Da Juta - Term. Mercado,3,6341
5110-23,Jd. Planalto - Term. Mercado,3,6341
5110-24,São Mateus - Term. Vl. Prudente,3,6341
5110-41,São Mateus - Metrô Tamanduateí,3,6341
5111-10,Term. Sto. Amaro - Term. Pq. D. Pedro Ii,3,782F40
5119-10,Term. Capelinha - Lgo. São Francisco,3,782F40
5119-22,Term. João Dias - Lgo. São Francisco,3,782F40
5119-23,Term. João Dias - Instituto Lucy Montoro,3,782F40
5123-10,Jd. Miriam - Hosp. São Paulo,3,0082BA
5127-10,Vl. Guacuri - Cptm Jurubatuba,3,0082BA
5128-10,Jd. Apurá - Metrô Conceição,3,0082BA
5129-10,Jd. Miriam - Term. Guarapiranga,3,0082BA
5129-41,Jd. Miriam - Sto. Amaro,3,0082BA
5131-10,Cid. Ademar - Pq. D. Pedro Ii,3,0082BA
513C-10,Vl. Califórnia - São Mateus,3,6341
513C-31,Vl. Califórnia - E.t. Itaquera,3,6341
513L-10,Term. Sacomã - Pq. Belém,3,6341
5141-10,Term. Sapopemba - Pça. Do Correio,3,6341
5142-10,Term. Sapopemba - Term. Pq. D. Pedro Ii,3,6341
5143-10,Term. Sapopemba - Term. Pq. D. Pedro Ii,3,6341
5143-31,Term. Sapopemba - Term. Pq. D. Pedro Ii,3,6341
5144-10,Term. Sapopemba - Term. Princ. Isabel,3,6341
5145-10,Term. Sapopemba - Pça. Almeida Jr.,3,6341
5145-41,Conj. Teotônio Vilela - Pça. Almeida Jr.,3,6341
514T-10,Term. Sacomã - Jd. Itápolis,3,6341
514T-21,Jd. Colorado - Term. Vl. Prudente,3,6341
514T-22,Jd. Itápolis - Term. Vl. Prudente,3,6341
5154-10,Term. Sto. Amaro - Term. Princ. Isabel,3,782F40
5164-10,Vl. Sta. Catarina - Pq. Ibirapuera,3,0082BA
5164-21,Cid. Leonor - Pq. Ibirapuera,3,0082BA
5164-41,Vl. Guarani - Metrô Conceição,3,0082BA
516N-10,Jd. Miriam - Pça. D. Gastão,3,0082BA
5175-10,Baln. São Francisco - Pça. Da Sé,3,0082BA
5178-10,Jd. Miriam - Pça. João Mendes,3,0082BA
517J-10,Jd. Selma - Term. áGua Espraiada,3,0082BA
5185-10,Term. Guarapiranga - Term. Pq. D. Pedro Ii,3,782F40
5194-10,Jd. Apurá - Pq. Ibirapuera,3,0082BA
5194-21,Jd. Apurá - Aeroporto,3,0082BA
519M-10,São Mateus - Museu Do Ipiranga,3,6341
524L-10,Pq. São Lucas - Metrô Tatuapé,3,6341
524M-10,Mascarenhas De Morais - Shop. Aricanduva,3,6341
527R-10,Vl. Império - Term. Sto. Amaro,3,0082BA
5290-10,Div. Diadema - Term. Pq. D. Pedro Ii,3,0082BA
5300-10,Term. Sto. Amaro - Term. Pq. D. Pedro Ii,3,782F40
5317-10,Sesc/orion - Pça. Do Correio,3,0082BA
5318-10,Chác. Santana - Pça. Da Sé,3,782F40
5318-21,Piraporinha - Pça. Da Sé,3,782F40
5362-10,Pq. Res. Cocaia - Pça. Da Sé,3,0082BA
5362-21,Grajaú - Pça. Da Sé,3,0082BA
5362-22,Jd. Eliana - Pça. Da Sé,3,0082BA
5362-23,Pq. Res. Cocaia - Vicente Rao,3,0082BA
5362-41,Pq. Res. Cocaia - Pq. Ibirapuera,3,0082BA
5370-10,Term. Varginha - Lgo. São Francisco,3,0082BA
5370-21,Term. Varginha - Pq. Ibirapuera,3,0082BA
5370-22,Term. Varginha - Borba Gato,3,0082BA
5391-10,Jd. âNgela - Lgo. São Francisco,3,782F40
5391-21,Term. Guarapiranga - Lgo. São Francisco,3,782F40
5391-22,Moema - Jd. âNgela,3,782F40
546A-10,Jd. Apurá - Sto. Amaro,3,0082BA
546A-31,Jd. Apurá - Sto. Amaro,3,0082BA
546J-10,Jd. Selma - Sto. Amaro,3,0082BA
546J-31,Jd. Selma - Sto. Amaro,3,0082BA
546J-41,Jd. Selma - Col. Sta. Maria,3,0082BA
546L-10,Jd. Luso - Term. Sto. Amaro,3,0082BA
546L-41,Jd. Luso - Col. Sta. Maria,3,0082BA
546T-10,Vl. Guacuri - Term. Sto. Amaro,3,0082BA
5611-10,Eldorado - Pça. João Mendes,3,0082BA
5614-10,Eldorado - Pça. João Mendes,3,0082BA
5614-21,Eldorado - Pq. Ibirapuera,3,0082BA
5630-10,Term. Grajaú - Metrô Brás,3,0082BA
5630-21,Cid. Dutra - Lgo. São Francisco,3,0082BA
5632-10,Vl. São José - Lgo. São Francisco,3,0082BA
5632-21,Jd. Iporanga - Lgo. São Francisco,3,0082BA
5632-51,Jd. Alpino - Lgo. São Francisco,3,0082BA
5652-10,Jd. Iv Centenário - Pça. Da Sé,3,0082BA
5652-21,Jd. Iv Centenário - Pça. Da Sé,3,0082BA
5652-22,Jd. Iv Centenário - Pq. Ibirapuera,3,0082BA
5701-10,Metrô Conceição - Shop. Morumbi,3,0082BA
5702-10,Refúgio Sta. Terezinha - Metrô Jabaquara,3,0082BA
5705-10,Term. Sacomã - Metrô Vergueiro,3,6341
573A-10,Metrô Bresser - Vl. Alpina,3,6341
573H-10,Hosp. Sapopemba - Metrô Bresser,3,6341
573T-10,Term. Sapopemba - Metrô Carrão,3,6341
573T-21,Jd. Tietê - Term. Sapopemba,3,6341
573T-31,Term. Sapopemba - Metrô Carrão,3,6341
574A-10,Americanópolis - Lgo. Cambuci,3,0082BA
574A-21,Americanópolis - Metrô Vl. Mariana,3,0082BA
574C-10,São Mateus - Div. De São Caetano,3,6341
574J-10,Metrô Conceição - Term. Vl. Carrão,3,6341
574R-10,Term. Sapopemba - Metrô Belém,3,6341
574W-10,Jd. Walkiria - Metrô Belém,3,6341
5752-10,Vl. Missionária - Metrô Conceição,3,0082BA
5757-10,Cid. Júlia - Metrô Conceição,3,0082BA
5757-51,Pedreira - Metrô Conceição,3,0082BA
5759-10,Pq. Primavera - Metrô Conceição,3,0082BA
5759-31,Pq. Primavera - Metrô Conceição,3,0082BA
575A-10,Div. São Caetano - Shop. Metrô Tatuapé,3,6341
575C-10,Ipiranga - Vl Matias,3,6341
576C-10,Metrô Jabaquara - Term. Sto. Amaro,3,0082BA
576M-10,Vl. Clara - Pinheiros,3,0082BA
577T-10,Jd. Miriam - Metrô Ana Rosa,3,0082BA
5791-10,Eldorado - Metrô Vergueiro,3,0082BA
5791-21,Eldorado - Metrô Jabaquara,3,0082BA
6000-10,Term. Parelheiros - Term. Sto. Amaro,3,0082BA
6001-10,Term. Capelinha - Term. Sto. Amaro,3,782F40
6002-10,Cid. Dutra - Hosp. Pedreira,3,0082BA
6003-10,Term. Grajaú - Term. Varginha,3,0082BA
6006-10,Jd. Herculano - Shop. Interlagos,3,782F40
6007-10,Term. Capelinha - Term. Sto. Amaro,3,782F40
6008-10,Jd. Planalto - Term. Sto. Amaro,3,782F40
6008-21,Pq. Europa - Term. Sto. Amaro,3,782F40
6008-41,Term. Jd. âNgela - Jd. Copacabana,3,782F40
6010-10,Chác. Sta. Maria - Term. Guarapiranga,3,782F40
6012-10,Pq. Independência - Sto. Amaro,3,782F40
6012-31,Pq. Independência - Jd. âNgela,3,782F40
6013-10,Jd. Nakamura - Term. Sto. Amaro,3,782F40
6013-21,Etec - Jd. âNgela,3,782F40
6014-10,Term. Jd. Jacira - Term. Sto. Amaro,3,782F40
6015-10,Vl. Calú - Sto. Amaro,3,782F40
6016-10,Jd. Noronha - Term. Grajaú,3,0082BA
6016-41,Jd. Porto Velho - Term. Grajaú,3,0082BA
6017-10,Jd. Nakamura - Sto. Amaro,3,782F40
6019-10,Term. Guarapiranga - Jd. Alfredo,3,782F40
6020-10,Chác. Bosque Do Sol - Parelheiros,3,0082BA
6020-51,Estr. Do Jusa - Parelheiros,3,0082BA
6021-10,Term. Varginha - Jd. Nova Era,3,0082BA
6022-10,Pq. Cerejeira - Sto. Amaro,3,782F40
6026-10,Jd. Icaraí - Term. Sto. Amaro,3,0082BA
6026-31,Jd. Icaraí - Term. Sto. Amaro,3,0082BA
6027-10,Jd. Grauna - Term. Sto. Amaro,3,0082BA
6028-10,Riviera - Term. Sto. Amaro,3,782F40
6030-10,Unisa-campus 1 - Term. Sto. Amaro,3,0082BA
6031-10,Term. Grajaú - Jd. São Bernardo,3,0082BA
6034-10,Pq. Res. Cocaia - Term. Grajaú,3,0082BA
6035-10,Vl. Gilda - Sto. Amaro,3,782F40
6035-21,Vl. Gilda - Term. Guarapiranga,3,782F40
6036-10,Jd. Macedônia - Sto. Amaro,3,782F40
6037-10,Jd. Mitsutani - Sto. Amaro,3,782F40
6038-10,Jd. Das Rosas - Sto. Amaro,3,782F40
6039-10,Valo Velho - Sto. Amaro,3,782F40
6039-21,Term. Capelinha - Cohab Jd. São Bento,3,782F40
6041-10,Jd. Jangadeiro - Sto. Amaro,3,782F40
6041-21,Term. João Dias - Jd. Monte Azul,3,782F40
6042-10,Jd. Três Estrelas - Sto. Amaro,3,782F40
6042-21,Term. Capelinha - Ceu Capão Redondo,3,782F40
6042-22,Jd. Vaz De Lima - Term. Capelinha,3,782F40
6043-10,Jd. Capelinha - Term. Sto. Amaro,3,782F40
6044-10,Jd. D. José - Term. Sto. Amaro,3,782F40
6045-10,Valo Velho - Sto. Amaro,3,782F40
6045-21,Valo Velho - Term. Capelinha,3,782F40
6046-10,Jd. São Bento Novo - Sto. Amaro,3,782F40
6047-10,Jd. Lídia - Sto. Amaro,3,782F40
6048-10,Capão Redondo - Sto. Amaro,3,782F40
6049-10,Valo Velho - Sto. Amaro,3,782F40
6050-10,Pq. Cocaia - Term. Grajaú,3,0082BA
6051-10,Jd. Itajaí - Term. Varginha,3,0082BA
6051-31,Jd. Itajaí - Term. Varginha,3,0082BA
6052-10,Jd. Sete De Setembro - Term. Varginha,3,0082BA
6052-31,Jd. Almeida Prado - Term. Varginha,3,0082BA
6053-10,Jd. Ellus - Term. Grajaú,3,0082BA
6055-10,Jd. São Bernardo - Shop. Interlagos,3,0082BA
6056-10,Pq. Sta. Cecília - Term. Grajaú,3,0082BA
6056-41,Vl. Natal - Term. Grajaú,3,0082BA
6057-10,Vl. Natal - Term. Grajaú,3,0082BA
6058-10,Jd. Noronha - Term. Varginha,3,0082BA
6059-10,Jd. Universal - Sto. Amaro,3,782F40
605A-10,Centro Paralimpico - Metrô Jabaquara,3,0082BA
6061-10,Jd. Marilda - Term. Grajaú,3,0082BA
6062-10,Term. Grajaú - Jd. Castro Alves,3,0082BA
6062-51,Jd. Castro Alves - Term. Sto. Amaro,3,0082BA
6063-10,Jd. Varginha - Term. Varginha,3,0082BA
6063-41,Jd. Novo Marilda - Term. Varginha,3,0082BA
6063-42,Chác. Sto. Amaro - Term. Varginha,3,0082BA
6063-43,Vl. Da Paz - Term. Varginha,3,0082BA
6069-10,Jd. São Bernardo - Term. Sto. Amaro,3,0082BA
6071-10,Jd. Orion - Term. Sto. Amaro,3,0082BA
6072-10,Jd. São Nicolau - Term. Varginha,3,0082BA
6072-21,Jd. Iporã - Term. Varginha,3,0082BA
6072-22,Jd. Manacá Da Serra - Term. Varginha,3,0082BA
6072-23,Term. Varginha - Baln. São José,3,0082BA
6073-10,Jd. Sta. Terezinha - Term. Varginha,3,0082BA
6073-21,Jd. Silveira - Term. Varginha,3,0082BA
6074-10,Jd. Gaivotas - Cptm Jurubatuba,3,0082BA
6075-10,Jd. Rec. Campo Belo - Term. Varginha,3,0082BA
6075-41,Jd. Almeida - Term. Varginha,3,0082BA
6076-10,Jd. Progresso - Term. Sto. Amaro,3,0082BA
6076-41,Jd. Satélite Ii - Term. Sto. Amaro,3,0082BA
6078-10,Cantinho Do Céu - Shop. Interlagos,3,0082BA
607A-10,Jd. Apurá - Socorro,3,0082BA
607A-21,Jd. Apurá - Cptm Jurubatuba,3,0082BA
607C-10,Jd. Miriam - Itaim Bibi,3,0082BA
607M-10,Term. Grajaú - Term. áGua Espraiada,3,0082BA
6080-10,Jd. Lucélia - Shop. Interlagos,3,0082BA
6083-10,Jd. Eliana - Term. Grajaú,3,0082BA
6084-10,Jd. Chác. Do Sol - Term. Varginha,3,0082BA
6084-21,Jd. Moraes Prado - Term. Varginha,3,0082BA
6091-10,Vargem Grande - Term. Sto. Amaro,3,0082BA
6091-21,Jd. Silveira - Term. Sto. Amaro,3,0082BA
6091-51,Colônia - Term. Sto. Amaro,3,0082BA
6092-10,Jd. Das Pedras - Term. Grajaú,3,0082BA
6093-10,Vargem Grande - Term. Grajaú,3,0082BA
6099-10,Term. Grajaú - Divisa De Embu-guaçu,3,0082BA
609F-10,Chác. Santana - Term. Princ. Isabel,3,782F40
609F-21,Chác. Santana - Anhangabaú,3,782F40
609J-10,Aeroporto - Metrô São Judas,3,0082BA
609R-10,Jd. Capela - Ccpd Raul Tabajara,3,782F40
6110-10,Conj. Hab. Palmares - Aeroporto,3,0082BA
6115-10,Cantinho Do Céu - Term. Grajaú,3,0082BA
6115-41,Pq. Res. Dos Lagos - Term. Grajaú,3,0082BA
6116-10,Jd. Prainha - Term. Grajaú,3,0082BA
6118-10,Jd. Icaraí - Term. Sto. Amaro,3,0082BA
6120-10,Jd. Lucélia - Term. Grajaú,3,0082BA
6200-10,Term. Sto. Amaro - Term. Bandeira,3,782F40
6232-10,Pinheiros/vila Ida  - Metrô Barra Funda,3,FF671F
6250-10,Jd. Jaqueline - Term. Bandeira,3,FF671F
6258-10,Jd. São Francisco - Term. Sto. Amaro,3,782F40
6258-31,Jd. Sta. Margarida - Jd. Ibirapuera,3,782F40
6262-10,Ceasa - Term. Bandeira,3,FF671F
627J-10,Jd. Miriam - Metrô São Judas,3,0082BA
6291-10,Inocoop Campo Limpo - Term. Bandeira,3,782F40
6338-10,Jd. Miriam - Pq. Ibirapuera,3,0082BA
6358-10,Jd. Luso - Term. Bandeira,3,0082BA
637A-10,Term. Jd. âNgela - Term. Pinheiros,3,782F40
637A-21,Vl. Remo - Term. Pinheiros,3,782F40
637A-22,Itaim Bibi - Term. Jd. âNgela,3,782F40
637A-25,Piraporinha - Term. Pinheiros,3,782F40
637A-26,Term. Guarapiranga - Term. Pinheiros,3,782F40
637G-10,Grajaú - Pinheiros,3,0082BA
637G-51,Jd. Eliana - Pinheiros,3,0082BA
637J-10,Vl. São José - Pinheiros,3,0082BA
637P-10,Term. Sto. Amaro - Term. Pinheiros,3,782F40
637R-10,Jd. Aracati - Term. Sto. Amaro,3,782F40
637V-10,Pq. América - Term. Sto. Amaro,3,0082BA
6400-10,Term. João Dias - Term. Bandeira,3,782F40
6403-10,Term. João Dias - Term. Pq. D. Pedro Ii,3,782F40
6412-10,Paraisópolis - Paulista,3,FF671F
6412-21,Paraisópolis - Itaim Bibi,3,FF671F
6414-10,Socorro - Term. Bandeira,3,782F40
6418-10,Real Pq. - Brooklin Novo,3,FF671F
6422-10,Vl. Cruzeiro - Term. Bandeira,3,782F40
6450-10,Term. Capelinha - Term. Bandeira,3,782F40
6450-21,Term. Capelinha - Itaim Bibi,3,782F40
6450-51,Valo Velho - Term. Bandeira,3,782F40
6451-10,Term. Capelinha - Term. Bandeira,3,782F40
6451-21,Term. Capelinha - Pça. 14 Bis,3,782F40
6455-10,Term. Capelinha - Lgo. São Francisco,3,782F40
6455-21,Term. Capelinha - Ibirapuera,3,782F40
6475-10,Jd. Vaz De Lima - Term. Bandeira,3,782F40
647A-10,Valo Velho - Pinheiros,3,782F40
647P-10,Cohab Adventista - Term. Pinheiros,3,782F40
648P-10,Term. Capelinha - Term. Pinheiros,3,782F40
648P-21,Term. Capelinha - Itaim Bibi,3,782F40
6500-10,Term. Sto. Amaro - Term. Bandeira,3,782F40
6505-10,Term. Guarapiranga - Term. Bandeira,3,782F40
669A-10,Term. Sto. Amaro - Term. Princ. Isabel,3,782F40
6726-10,Term. Grajaú - Jd. Gaivotas   ,3,0082BA
675A-10,Pq. Sto. Antonio - Metrô São Judas,3,782F40
675G-10,Pq. Res. Cocaia - Metrô Jabaquara,3,0082BA
675G-22,Pq. Res. Cocaia - Col. Sta. Maria,3,0082BA
675G-41,Jd. Castro Alves - Metrô Jabaquara,3,0082BA
675I-10,Term. João Dias - Metrô São Judas,3,782F40
675K-10,Term. Jd. âNgela - Metrô Sta. Cruz,3,782F40
675K-23,Vl. Remo - Moema,3,782F40
675L-10,Term. Sto. Amaro - Metrô Sta. Cruz,3,782F40
675M-10,Centro Sesc - Metrô Jabaquara,3,0082BA
675N-10,Term. Sto. Amaro - Metrô Ana Rosa,3,782F40
675P-10,Shop. Sp Market - Metrô Conceição,3,0082BA
675R-10,Grajaú - Metrô Jabaquara,3,0082BA
675X-10,Term. Grajaú - Aacd-servidor,3,0082BA
677A-10,Term. Jd. âNgela - Itaim Bibi,3,782F40
677V-10,Jd. Alpino - Cptm Grajaú,3,0082BA
677Y-10,Jd. Guarujá - Term. áGua Espraiada,3,782F40
6801-10,Jd. Ibirapuera - Term. João Dias,3,782F40
6801-51,Jd. Ibirapuera - Term. João Dias,3,782F40
6803-10,Jd. Capelinha - Term. João Dias,3,782F40
6804-10,Jd. Ingá - Term. João Dias,3,782F40
6805-10,Term. Capelinha - Term. João Dias,3,782F40
6805-31,Term. Capelinha - Term. João Dias,3,782F40
6806-10,Jd. Novo Oriente - Term. João Dias,3,782F40
6812-10,Jd. Capela - Sto. Amaro,3,782F40
6813-10,Jd. Lídia - Term. Capelinha,3,782F40
6815-10,Jd. Comercial - Term. Capelinha,3,782F40
6816-10,Jd. Mitsutani - Term. Capelinha,3,782F40
6816-31,Jd. Mitsutani - Term. Capelinha,3,782F40
6817-10,Jd. São Bento - Term. Capelinha,3,782F40
6818-10,Jd. Vale Das Virtudes - Term. Capelinha,3,782F40
6820-10,Jd. Das Rosas - Term. Capelinha,3,782F40
6820-31,Jd. Das Rosas - Term. Capelinha,3,782F40
6821-10,Jd. Jangadeiro - Term. Capelinha,3,782F40
6822-10,Jd. Macedônia - Term. Capelinha,3,782F40
6823-10,Jd. Guarujá - Term. Capelinha,3,782F40
6824-10,Pq. Fernanda - Term. Capelinha,3,782F40
6825-10,Valo Velho - Term. Capelinha,3,782F40
6826-10,Jd. D. José - Term. Capelinha,3,782F40
6835-10,Valo Velho - Term. Capelinha,3,782F40
6835-31,Valo Velho - Term. Capelinha,3,782F40
6836-10,Capão Redondo - Term. João Dias,3,782F40
6837-10,Shop. Portal - Term. Capelinha,3,FF671F
6840-10,Term. Jd. Jacira - Term. Capelinha,3,782F40
6913-10,Term. Varginha - Term. Bandeira,3,0082BA
6913-21,Term. Varginha - Itaim Bibi,3,0082BA
695D-10,Jd. Sta. Barbara - Metrô Jabaquara,3,0082BA
695H-10,Jd. Herplin - Term. Sto. Amaro,3,0082BA
695T-10,Term. Capelinha - Metrô Vl. Mariana,3,782F40
695T-51,Term. Capelinha - Metrô Vl. Mariana,3,782F40
695V-10,Term. Capelinha - Metrô Ana Rosa,3,782F40
695X-10,Term. Varginha - Metrô Jabaquara,3,0082BA
695X-22,Term. Varginha - Shop. Interlagos,3,0082BA
695Y-10,Term. Parelheiros - Metrô Vl. Mariana,3,0082BA
695Y-21,Term. Parelheiros - Cptm Autódromo,3,0082BA
695Y-22,Term. Parelheiros - Borba Gato,3,0082BA
695Y-41,Term. Parelheiros - Col. Sta. Maria,3,0082BA
6960-10,Term. Varginha - Term. Sto. Amaro,3,0082BA
6960-21,Term. Varginha - E.t. Vitor Manzini,3,0082BA
6970-10,Term. Grajaú - Term. Sto. Amaro,3,0082BA
6L01-10,Marsilac - Term. Varginha,3,0082BA
6L01-22,Vl. Progresso - Term. Varginha,3,0082BA
6L01-23,Embura - Term. Varginha,3,0082BA
6L02-10,Jd. Eucaliptos - Term. Parelheiros,3,0082BA
6L03-10,Cipó Do Meio - Term. Parelheiros,3,0082BA
6L04-10,Jd. Oriental/fontes - Term. Parelheiros,3,0082BA
6L04-41,Jd. Das Fontes - Term. Parelheiros,3,0082BA
6L04-42,Jd. Oriental - Term. Parelheiros,3,0082BA
6L05-10,Barragem - Term. Parelheiros,3,0082BA
6L05-21,Cid. Nova América - Term. Parelheiros,3,0082BA
6L07-10,Jd. Sta. Fé - Term. Varginha,3,0082BA
6L08-10,Jd. São Nicolau - Hosp. Parelheiros,3,0082BA
6L10-10,Term. Varginha - Pq. Florestal   ,3,0082BA
6L10-41,Messiânica - Term. Varginha,3,0082BA
6L11-10,Ilha Do Bororé - Term. Grajaú,3,0082BA
7001-10,Vl. Gilda - Jd. âNgela,3,782F40
7002-10,Jd. Rosa Maria - Hosp. Das Clínicas,3,FF671F
7004-10,Term. Jd. Jacira - Est. Sto. Amaro/guido Caloi,3,782F40
7005-10,Jd. Vera Cruz - Jd. âNgela,3,782F40
7005-51,Jd. Vera Cruz - Metrô Capão Redondo ,3,782F40
7006-10,Jd. Horizonte Azul - Jd. âNgela,3,782F40
7006-51,Jd. Horizonte Azul - Metrô Capão Redondo,3,782F40
7009-10,Jd. São Lourenço - Jd. âNgela,3,782F40
7011-10,Jd. Dos Reis - Jd. âNgela,3,782F40
7011-31,Jd. Dos Reis - Jd. âNgela,3,782F40
7012-10,Pq. Do Lago - Term. Guarapiranga,3,782F40
7013-10,Pq. Arariba - Pinheiros,3,FF671F
7016-10,Jd. âNgela - Term. Sto. Amaro,3,782F40
7016-21,Vl. Sta. Lúcia - Term. Sto. Amaro,3,782F40
7017-10,Jd. Guarujá - Term. Guarapiranga,3,782F40
701A-10,Pq. Edu Chaves - Metrô Vl. Madalena,3,002F6C
701H-10,Hospital Guarapiranga - Circular,3,782F40
701U-10,Metrô Santana - Cid. Universitária,3,002F6C
7021-10,Jd. Maracá - Term. João Dias,3,782F40
7022-10,Jd. Caiçara - Term. Sto. Amaro,3,782F40
7023-10,Jd. Nakamura - Term. Sto. Amaro,3,782F40
702C-10,Jd. Bonfiglioli - Metrô Belém,3,FF671F
702U-10,Cid. Universitária - Term. Pq. D. Pedro Ii,3,FF671F
7040-10,Paraisópolis - Pinheiros,3,FF671F
7040-21,Paraisópolis - Pinheiros,3,FF671F
7049-10,Pq. Do Lago - Term. Campo Limpo,3,782F40
7050-10,Jd. Das Rosas - Term. Campo Limpo,3,782F40
7051-10,Jd. Rosana - Term. Campo Limpo,3,782F40
7052-10,Jd. Helga - Term. Campo Limpo,3,782F40
7053-10,Jd. Macedônia - Term. Campo Limpo,3,782F40
7053-21,Jd. Maria Sampaio - Term. Campo Limpo,3,782F40
7053-22,Jd. Maria Sampaio - Term. Campo Limpo,3,782F40
7054-10,Jd. Macedônia - Term. Campo Limpo,3,782F40
7055-10,Jd. Guarujá - Term. Campo Limpo,3,782F40
7057-10,Jd. Mitsutani - Term. Campo Limpo,3,782F40
7059-10,Pq. Do Engenho - Term. Campo Limpo,3,782F40
7060-10,Valo Velho - Term. Campo Limpo,3,782F40
7062-10,Inocoop Campo Limpo - Term. Campo Limpo,3,782F40
7062-31,Campo Limpo - Term. Campo Limpo,3,782F40
7062-41,Metrô Campo Limpo - Horto Do Ypê,3,782F40
7063-10,Jd. Macedônia - Term. Campo Limpo,3,782F40
707A-10,Jd. âNgela - Metrô Pça. Da áRvore,3,782F40
707A-23,Piraporinha - Moema,3,782F40
707K-10,Term. Guarapiranga - Metrô Jabaquara,3,782F40
709A-10,Term. áGua Espraiada - Metrô Ana Rosa,3,782F40
709G-10,Term. Guarapiranga - Itaim Bibi,3,782F40
709M-10,Term. Sto. Amaro - Term. Pinheiros,3,782F40
709P-10,Est. Sto. Amaro/guido Caloi - Term. Pinheiros,3,782F40
714C-10,Cohab Educandário - Paulista,3,FF671F
715M-10,Jd. Maria Luiza - Lgo. Da Pólvora,3,FF671F
715M-21,Jd. Maria Luiza - Metrô Butantã,3,FF671F
7181-10,Cid. Universitária - Term. Princ. Isabel,3,FF671F
719P-10,Term. Pinheiros - Term. Princ. Isabel,3,FF671F
719R-10,Rio Pequeno - Metrô Barra Funda,3,FF671F
7245-10,Term. Sto. Amaro - Hosp. Das Clínicas,3,782F40
7245-21,Term. Sto. Amaro - Term. áGua Espraiada,3,782F40
7267-10,Apiacás - Pça. Ramos De Azevedo,3,FF671F
7272-10,Mercado Da Lapa - Pça. Ramos De Azevedo,3,FF671F
7281-10,Lapa - Pça. Ramos De Azevedo,3,FF671F
7282-10,Pq. Continental - Pça. Ramos De Azevedo,3,FF671F
736G-10,Jd. Ingá - Shop. Morumbi,3,FF671F
736I-10,Jd. Ingá - Sto. Amaro,3,FF671F
736I-21,Jd. Ingá - Metrô Vl. Das Belezas,3,FF671F
737A-10,Term. Jd. âNgela - Term. Sto. Amaro,3,782F40
7411-10,Cid. Universitária - Pça. Da Sé,3,FF671F
7458-10,Jd. Boa Vista - Est. Da Luz,3,FF671F
745M-10,Campo Limpo - Shop. Sp Market,3,FF671F
745M-21,Campo Limpo - Pq. Figueira Grande,3,FF671F
746C-10,Jd. Taboão - Sto. Amaro,3,FF671F
746H-10,Jd. Jaqueline - Sto. Amaro,3,FF671F
746K-10,Paraisópolis - Campo Belo,3,FF671F
746P-10,Paraisópolis - Sto. Amaro,3,FF671F
746R-10,Real Pq. - Sto. Amaro,3,FF671F
746V-10,Jd. Rebouças - Hosp. Campo Limpo,3,FF671F
748A-10,Jd. D'abril - Lapa,3,FF671F
748A-41,Jd. Peri Peri - Lapa,3,FF671F
748R-10,Jd. João Xxiii - Metrô Barra Funda,3,FF671F
7545-10,Jd. João Xxiii - Pça. Ramos De Azevedo,3,FF671F
7545-21,Cdhu Butantã - Pça. Ramos De Azevedo,3,FF671F
7550-10,Term. Sto. Amaro - Metrô Sta. Cecília,3,782F40
756A-10,Jd. Paulo Vi - Term. áGua Espraiada,3,FF671F
756A-23,Jd. Paulo Vi - Metrô Morumbi,3,FF671F
771P-10,Jd. João Xxiii - Term. Pinheiros,3,FF671F
7725-10,Rio Pequeno - Term. Lapa,3,FF671F
775A-10,Jd. Adalgiza - Pinheiros,3,FF671F
775F-10,Jd. Das Palmas - Hosp. Das Clínicas,3,FF671F
775F-31,Jd. Das Palmas - Pq. Do Povo,3,FF671F
775N-10,Rio Pequeno - Metrô Vl. Madalena,3,FF671F
775P-10,Jd. Guaraú - Metrô Ana Rosa,3,FF671F
775V-10,Rio Pequeno - Itaim Bibi,3,FF671F
778J-10,Jd. Arpoador - Metrô Barra Funda,3,FF671F
778J-41,Cohab Raposo Tavares - Metrô Barra Funda,3,FF671F
778R-10,Cohab Raposo Tavares - Term. Princ. Isabel,3,FF671F
778R-21,Cohab Raposo Tavares - Term. Princ. Isabel,3,FF671F
7903-10,Jd. João Xxiii/educ. - Pça. Ramos De Azevedo,3,FF671F
8000-1,Term. Lapa - Pça. Ramos De Azevedo,3,509E2F
8000-10,Term. Lapa - Pça. Ramos De Azevedo,3,509E2F
8001-10,Vl. Piauí - Term. Lapa,3,509E2F
8002-10,Term. Pirituba - Term. Lapa,3,509E2F
8003-10,Remédios - Term. Lapa,3,509E2F
8004-10,Sta. Mônica - Term. Lapa,3,509E2F
8006-10,Jd. Donária - Term. Pirituba,3,509E2F
8007-10,Hab. Turística - Term. Pirituba,3,509E2F
8008-10,Sta. Mônica - Term. Pirituba,3,509E2F
8009-10,Cid. D'abril 3ª Gleba - Term. Pirituba,3,509E2F
8009-31,Cid. D'abril 3ª Gleba - Term. Pirituba,3,509E2F
8010-10,Perus - Lapa,3,509E2F
8012-10,Metrô Butantã - Cid. Universitária,3,FF671F
8013-10,Term. Jd. Britania - Lapa,3,509E2F
8013-22,Jd. Rosinha - Term. Jd. Britânia,3,509E2F
8013-41,Term. Jd. Britania - Jd. Paineiras,3,509E2F
8014-10,Morro Doce - Perus,3,509E2F
8015-10,Cem. De Perus - Term. Pirituba,3,509E2F
8015-21,Cem. De Perus - Cptm Perus,3,509E2F
8016-10,Jd. Rincão - Term. Pirituba,3,509E2F
8017-10,Cptm Vl. Aurora - Term. Pirituba,3,509E2F
8018-10,Vl. Sônia - Metrô Morumbi,3,FF671F
8019-10,Pq. Continental - Metrô Butantã,3,FF671F
8020-10,Butantã - Shop. Morumbi,3,FF671F
8021-10,Jd. Maria Luiza - Butantã,3,FF671F
8022-10,Metrô Butantã - Cid. Universitária,3,FF671F
8023-10,Cdhu Munck - Term. Morumbi,3,FF671F
8024-10,Jd. Jaqueline - Butantã,3,FF671F
8025-10,Jd. Rosa Maria - Term. Morumbi,3,FF671F
8026-10,Jd. Ingá - Butantã,3,FF671F
8027-10,Vl. Dalva - Butantã,3,FF671F
8028-10,Paraisópolis - Metrô Morumbi,3,FF671F
8029-10,Shop. Portal - Term. Morumbi,3,FF671F
8030-10,Paraisópolis - Metrô Morumbi,3,FF671F
8032-10,Metrô Butantã - Cid. Universitária,3,FF671F
8038-10,Pq. Continental - Lapa,3,FF671F
8040-10,Sol Nascente - Term. Lapa,3,509E2F
8043-10,Hab. Turística - Lapa,3,509E2F
8047-10,Jaraguá - Lapa,3,509E2F
8047-41,Jaraguá - Metrô Vl. Madalena,3,509E2F
8047-51,Jaraguá - Lapa,3,509E2F
8050-10,Pq. Morro Doce - Lapa,3,509E2F
8050-21,Anhanguera - Lapa,3,509E2F
8050-31,Pq. Morro Doce - Lapa,3,509E2F
8055-10,Perus - Lapa,3,509E2F
8055-51,Perus - Metrô Barra Funda,3,509E2F
805L-10,Term. Princ. Isabel - Aclimação,3,FFD100
8060-10,Vl. Piauí - Term. Lapa,3,509E2F
8062-10,Pq. São Domingos - Lapa,3,509E2F
8065-10,Vl. Clarice - Lapa,3,509E2F
8072-10,Pq. Ipê - Metrô Morumbi,3,FF671F
8073-10,Jd. Guaraú - Term. Morumbi,3,FF671F
8075-10,Term. Campo Limpo - Metrô Butantã,3,FF671F
8075-21,Term. Campo Limpo - Term. Morumbi,3,FF671F
8077-10,Jd. João Xxiii - Term. Morumbi,3,FF671F
8078-10,Jd. Das Palmas - Hosp. Campo Limpo,3,FF671F
8078-31,Jd. Das Palmas - Hosp. Campo Limpo,3,FF671F
807A-10,Term. Campo Limpo - Term. Sto. Amaro,3,782F40
807J-10,Term. Campo Limpo - Shop. Morumbi,3,FF671F
807M-10,Term. Campo Limpo - Shop. Morumbi,3,FF671F
807P-10,Paraisópolis - Sto. Amaro,3,FF671F
809A-10,Jd. D'abril - Term. Pinheiros,3,FF671F
809D-10,Cohab Educandário - Term. Pinheiros,3,FF671F
809H-10,Jd. Boa Vista - Lapa,3,FF671F
809J-10,Jd. Colombo - Metrô Morumbi,3,FF671F
809L-10,Campo Limpo - Lapa,3,FF671F
809N-10,Vl. Dalva - Lapa,3,FF671F
809P-10,Term. Campo Limpo - Term. Pinheiros,3,782F40
809R-10,Rio Pequeno - Term. Pinheiros,3,FF671F
809T-10,Cohab Raposo Tavares - Lapa,3,FF671F
809U-10,Cid. Universitária - Metrô Barra Funda,3,FF671F
809U-21,Metrô Barra Funda - Metrô Vila Madalena,3,FF671F
809V-10,Vl. Gomes - Metrô - Trianon - Masp,3,FF671F
8100-10,Term. Pirituba - Term. Lapa,3,509E2F
817C-10,Lapa - Hosp. Das Clínicas,3,FF671F
8194-10,Perus - Term. Cachoeirinha,3,509E2F
8199-10,Pirituba - Cem. Vl. Nova Cachoeirinha,3,509E2F
819A-10,Cptm Vl. Aurora - Jd. Primavera,3,509E2F
8200-10,Term. Pirituba - Term. Lapa,3,509E2F
8215-10,Jd. Paulistano - Pça. Do Correio,3,509E2F
8252-10,Metrô Barra Funda - Lapa,3,FF671F
8300-1,Term. Pirituba - Term. Lapa,3,509E2F
8300-10,Term. Pirituba - Term. Lapa,3,509E2F
8319-10,Pq. Continental - Sesc Pompéia,3,FF671F
8319-21,Shop. Villa Lobos - Pq. Continental,3,FF671F
8400-10,Term. Pirituba - Pça. Ramos De Azevedo,3,509E2F
846M-10,Vl. Piauí - Term. Pinheiros,3,509E2F
847J-10,City Jaraguá - Jaguaré,3,509E2F
847J-21,City Jaragua - Lapa,3,509E2F
847P-10,Term. Pirituba - Vl. Olímpia,3,509E2F
847P-42,Brasilândia - Vl. Olímpia,3,509E2F
848L-10,Recanto Dos Humildes - Term. Pirituba,3,509E2F
8500-10,Term. Pirituba - Metrô Barra Funda,3,509E2F
8528-10,Jd. Guarani - Pça. Do Correio,3,509E2F
8538-10,Freguesia Do Ó - Pça. Do Correio,3,509E2F
8542-10,Brasilândia - Pça. Do Correio,3,509E2F
8542-21,Brasilândia - Term. Lapa,3,509E2F
8544-10,Cid. D'abril 3ª Gleba - Pça. Do Correio,3,509E2F
8545-10,Penteado - Metrô Barra Funda,3,509E2F
8548-10,Jd. Dos Cunhas - Term. Lapa,3,509E2F
8549-10,Taipas - Pça. Do Correio,3,509E2F
856R-10,Lapa - Socorro,3,FF671F
857A-10,Term. Campo Limpo - Metrô Sta. Cruz,3,782F40
857C-10,Term. Campo Limpo - Metrô Conceição,3,782F40
857P-10,Term. Campo Limpo - Paraíso,3,782F40
857P-21,Campo Limpo - Paraiso,3,782F40
857R-10,Term. Campo Limpo - Aclimação,3,FF671F
857R-41,Est. Hebraica Rebouças - Ana Rosa,3,FF671F
8594-10,Cid. D'abril  - Pça. Ramos De Azevedo,3,509E2F
8594-21,Cid. Pirituba - Pça. Ramos De Azevedo,3,509E2F
8594-41,Cohab Pedra Verde - Pça. Ramos De Azevedo,3,509E2F
8600-10,Term. Pirituba - Lgo. Do Paissandú,3,509E2F
8600-22,Vl. Iório - Lgo. Do Paissandú,3,509E2F
8605-10,Term. Campo Limpo - Term. Bandeira,3,782F40
8610-10,Jd. Paulo Vi - Term. Bandeira,3,FF671F
8615-10,Pq. Da Lapa - Term. Pq. D. Pedro Ii,3,FF671F
8622-10,Morro Doce - Pça. Ramos De Azevedo,3,509E2F
8677-10,Jd. Líbano - Lgo. Do Paissandú,3,509E2F
8686-10,Mangalot - Lgo. Do Paissandú,3,509E2F
8686-21,Mangalot - Term. Lapa,3,509E2F
8700-1,Term. Campo Limpo - Pça. Ramos De Azevedo,3,FF671F
8700-10,Term. Campo Limpo - Pça. Ramos De Azevedo,3,FF671F
8700-21,Lgo. Do Taboão - Pça. Ramos De Azevedo,3,FF671F
8700-22,Hosp. Das Clínicas - Term. Campo Limpo,3,FF671F
8700-23,Pça. Ramos De Azevedo - Butantã,3,FF671F
8700-24,Lgo. Do Taboão - Pça. Ramos De Azevedo,3,FF671F
8705-10,Shop. Continental - Anhangabaú,3,FF671F
8705-51,Pq. Continental - Anhangabaú,3,FF671F
8707-10,Rio Pequeno - Term. Princ. Isabel,3,FF671F
8707-21,Rio Pequeno - Butantã,3,FF671F
874C-10,Pq. Continental - Metrô - Trianon - Masp ,3,FF671F
874T-10,Ipiranga - Lapa,3,6341
875A-10,Aeroporto - Perdizes,3,0082BA
875C-1,Term. Lapa - Metrô Sta. Cruz,3,FF671F
875C-10,Term. Lapa - Metrô Sta. Cruz,3,FF671F
875H-10,Term. Lapa - Metrô Vl. Mariana,3,FF671F
875P-10,Metrô Barra Funda - Metrô Ana Rosa,3,FF671F
877T-10,Vl. Anastácio - Metrô Paraíso,3,FF671F
8809-10,Perus - Ccpd Raul Tabajara,3,509E2F
888P-10,Perus - Cohab Taipas,3,509E2F
9002-10,Jd. Pery Alto - Term. Cachoeirinha,3,002F6C
9004-10,Jd. Elisa Maria - Term. Cachoeirinha,3,509E2F
9005-10,Jd. Princesa - Term. Cachoeirinha,3,509E2F
9005-41,Jd. Vista Alegre - Term. Cachoeirinha,3,509E2F
9005-42,Sítio Dos Francos - Term. Cachoeirinha,3,509E2F
9006-10,Vl. Penteado - Term. Cachoeirinha,3,509E2F
9008-10,Pq. De Taipas - Term. Cachoeirinha,3,509E2F
9008-41,Estância Jaraguá - Term. Cachoeirinha,3,509E2F
9009-10,Cohab Brasilândia - Term. Cachoeirinha,3,509E2F
9011-10,Cptm Jaraguá - Term. Cachoeirinha,3,509E2F
9011-21,Cptm Jaraguá - City Jaraguá,3,509E2F
9012-10,Itaberaba - Term. Lapa,3,509E2F
9014-10,Morro Grande - Term. Lapa,3,509E2F
9014-42,Jd. Iracema - Term. Lapa,3,509E2F
9015-10,Vl. Zatt - Term. Pirituba,3,509E2F
9018-10,Vl. Mirante - Term. Pirituba,3,509E2F
9019-10,Jd. Paulistano - Term. Pirituba,3,509E2F
9020-10,Vl. Mirante - Term. Pirituba,3,509E2F
9023-10,Pq. De Taipas - Term. Pirituba,3,509E2F
9032-10,Jd. Damasceno - Term. Cachoeirinha,3,509E2F
9032-21,Jd. Damasceno - Term. Cachoeirinha,3,509E2F
9047-10,Jd. Paulistano - Lapa,3,509E2F
9050-10,Term. Lapa - Itaim Bibi,3,FF671F
9051-10,Lapa - Term. Pinheiros,3,FF671F
908T-10,Term. Pq. D. Pedro Ii - Butantã,3,FFD100
9090-10,Pq. Tietê - Term. Casa Verde,3,509E2F
909T-1,Term. Pinheiros - Term. Pq. D. Pedro Ii,3,FF671F
909T-10,Term. Pinheiros - Term. Pq. D. Pedro Ii,3,FF671F
9162-10,Vl. Penteado - Term. Casa Verde,3,509E2F
9166-10,Jd. Sta. Cruz - Term. Cachoeirinha,3,002F6C
917H-10,Term. Pirituba - Metrô Vl. Mariana,3,509E2F
917M-10,Morro Grande - Metrô Ana Rosa,3,509E2F
917M-31,Morro Grande - Metrô Ana Rosa,3,509E2F
9181-10,Vl. Terezinha - Lapa,3,509E2F
9188-10,Capela Da Lagoa  - Lapa,3,509E2F
9188-42,Capela Da Lagoa - Lapa,3,509E2F
9191-10,Jd. Elisa Maria - Bom Retiro,3,509E2F
9191-21,Metrô Barra Funda - Bom Retiro,3,509E2F
9300-10,Term. Casa Verde - Term. Pq. D. Pedro Ii,3,002F6C
9301-10,Term. Casa Verde - Pça. Do Correio,3,509E2F
930P-10,Term. Pq. D. Pedro Ii - Term. Pinheiros,3,FFD100
9354-10,Term. Cachoeirinha - Pça. Do Correio,3,002F6C
938C-10,Cohab Taipas - Term. Princ. Isabel,3,509E2F
938C-21,Cohab Taipas - Term. Lapa,3,509E2F
938L-10,Term. Cachoeirinha - Lapa,3,509E2F
938P-10,Jd. Tereza - Metrô Barra Funda,3,509E2F
938P-21,Vl. Penteado - Metrô Barra Funda,3,509E2F
938V-10,Jd. Vista Alegre - Metrô Barra Funda,3,509E2F
948A-10,Vl. Zatt - Metrô Barra Funda,3,509E2F
9500-10,Term. Cachoeirinha - Pça. Do Correio,3,509E2F
9501-10,Term. Cachoeirinha - Lgo. Do Paissandú,3,509E2F
957T-10,Cohab Taipas - Vl. Olímpia,3,509E2F
958P-10,Jd. Nardini - Vl. Olímpia,3,509E2F
9653-10,Pedra Branca - Pça. Do Correio,3,509E2F
967A-10,Imirim - Pinheiros,3,002F6C
9701-10,Cem. Cachoeirinha - Metrô Barra Funda,3,002F6C
9717-10,Jd. Almanara - Metrô Santana,3,509E2F
971A-10,Jd. Primavera - Shop. D,3,002F6C
971C-10,Cohab Brasilândia - Metrô Santana,3,002F6C
971D-10,Jd. Damasceno - Shop. Center Norte,3,002F6C
971M-10,Vl. Penteado - Metrô Santana,3,002F6C
971R-10,Cptm Jaraguá - Metrô Santana,3,002F6C
971R-21,Jd. Damasceno - Metrô Santana,3,002F6C
971R-42,Cdhu Voith - Metrô Santana,3,002F6C
971R-51,Chica Luisa - Metrô Santana,3,002F6C
971T-10,Vl. Sta. Maria - Metrô Santana,3,002F6C
971V-10,Jd. Vista Alegre - Shop. Center Norte,3,002F6C
971X-10,Term. Cachoeirinha - Metrô Santana,3,002F6C
975A-10,Vl. Brasilândia - Metrô Ana Rosa,3,509E2F
9784-10,Jd. Dos Francos - Metrô Barra Funda,3,509E2F
9785-10,Vl. Terezinha - Metrô Barra Funda,3,509E2F
9785-51,Jd. Carombé - Term. Cachoeirinha,3,509E2F
9789-10,Jd. Paulistano - Metrô Barra Funda,3,509E2F
978A-10,Term. Cachoeirinha - Metrô Barra Funda,3,509E2F
978J-10,Voith - Term. Princ. Isabel,3,509E2F
978L-10,Term. Cachoeirinha - Term. Princ. Isabel,3,509E2F
978T-10,Jd. Guarani - Metrô Barra Funda,3,509E2F
CPTM L07,JUNDIAI - LUZ,2,CA016B
CPTM L08,AMADOR BUENO - JULIO PRESTES,2,97A098
CPTM L09,GRAJAU - OSASCO,2,01A9A7
CPTM L10,RIO GRANDE DA SERRA - BRÁS,2,049FC3
CPTM L11,ESTUDANTES - LUZ,2,F68368
CPTM L12,CALMON VIANA - BRAS,2,133C8D
CPTM L13,AEROPORTO DE GUARULHOS - ENGENHEIRO GOULART,2,00B352
CT01-1,Circular - Turismo,3,002F6C
METRÔ 15,ORATÓRIO - SÃO MATEUS,1,C0C0C0
METRÔ L1,TUCURUVI - JABAQUARA,1,0455A1
METRÔ L2,VILA MADALENA - VILA PRUDENTE,1,007E5E
METRÔ L3,CORINTHIANS - ITAQUERA - PALMEIRAS - BARRA FUNDA,1,EE372F
METRÔ L4,SÃO PAULO - MORUMBI - LUZ,1,FFFF00
METRÔ L5,CAPAO REDONDO - CHÁCARA KLABIN,1,9B3894
N101-11,Term. Lapa - Term. Pq. D. Pedro Ii,3,509E2F
N102-11,Term. Lapa - Term. Pq. D. Pedro Ii,3,509E2F
N103-11,Term. Pirituba - Term. Lapa,3,509E2F
N104-11,Term. Pirituba - Term. Lapa,3,509E2F
N105-11,Term. Cachoeirinha - Term. Lapa,3,509E2F
N106-11,Term. Pq. D. Pedro Ii - Metrô Barra Funda,3,509E2F
N131-11,Term. Lapa - Vl. Piauí,3,509E2F
N132-11,Term. Pirituba - Pq. São Domingos,3,509E2F
N133-11,Term. Pirituba - Cid. D’abril 3ª Gleba,3,509E2F
N134-11,Term. Cachoeirinha - Taipas,3,509E2F
N135-11,Term. Pirituba - Jd. Donária,3,509E2F
N136-11,Term. Lapa - Morro Doce,3,509E2F
N137-11,Term. Pirituba - Perus,3,509E2F
N138-11,Term. Cachoeirinha - Jd. Princesa,3,509E2F
N139-11,Term. Pirituba - Jd. Paulistano,3,509E2F
N140-11,Term. Pirituba - Vl. Mirante,3,509E2F
N141-11,Term. Cachoeirinha - Jd. Carombé,3,509E2F
N142-11,Term. Pirituba - Term. Casa Verde,3,509E2F
N143-11,Metrô Barra Funda - Morro Grande,3,509E2F
N201-11,Metrô Tucuruvi - Term. Pq. D. Pedro Ii,3,002F6C
N202-11,Metrô Santana - Term. Pinheiros,3,002F6C
N203-11,Metrô Tucuruvi - Term. Pq. D. Pedro Ii,3,002F6C
N204-11,Metrô Tucuruvi - Term. Pq. D. Pedro Ii,3,002F6C
N205-11,Term. Cachoeirinha - Term. Pinheiros,3,002F6C
N206-11,Metrô Santana - Metrô Vl. Madalena,3,002F6C
N207-11,Term. Casa Verde - Term. Pq. D. Pedro Ii,3,002F6C
N209-11,Term. Cachoeirinha - Metrô Santana,3,002F6C
N231-11,Term. Cachoeirinha - Pedra Branca,3,002F6C
N232-11,Metrô Tucuruvi - Pq. Novo Mundo,3,002F6C
N233-11,Metrô Santana - Vl. Sabrina,3,002F6C
N234-11,Metrô Tucuruvi - Lgo. Do Pery,3,002F6C
N235-11,Metrô Santana - Pedra Branca,3,002F6C
N236-11,Metrô Santana - Jd. Antártica,3,002F6C
N237-11,Metrô Tucuruvi - Pq. Edu Chaves,3,002F6C
N238-11,Metrô Santana - Cem. Pq. Dos Pinheiros,3,002F6C
N239-11,Metrô Tucuruvi - Vl. Nova Galvão,3,002F6C
N240-11,Metrô Santana    - Cachoeira,3,002F6C
N241-11,Metrô Santana - Vl. Albertina,3,002F6C
N242-11,Metrô Santana    - Jd. Campo Limpo,3,002F6C
N243-11,Metrô Santana - Jd. Brasil,3,002F6C
N244-11,Metrô Tucuruvi - Jd. Flôr De Maio,3,002F6C
N245-11,Metrô Santana - Jd. Pery Alto,3,002F6C
N301-11,Term. A. E. Carvalho - Term. Pq. D. Pedro Ii,3,FFD100
N302-11,Term. A. E. Carvalho - Term. Pq. D. Pedro Ii,3,FFD100
N303-11,Term. A. E. Carvalho - Term. Aricanduva,3,FFD100
N304-11,Term. São Miguel - Term. Aricanduva,3,FFD100
N305-11,Term. São Miguel - Cptm Guaianazes,3,FFD100
N306-11,Term. São Miguel - Metrô Itaquera,3,FFD100
N307-11,Term. Pq. D. Pedro Ii - Term. Pinheiros,3,FFD100
N308-11,Metrô Itaquera - Term. Pq. D. Pedro Ii,3,FFD100
N331-11,Term. A. E. Carvalho - Oliveirinha,3,FFD100
N332-11,Term. A. E. Carvalho - Vl. Cisper (cptm Usp),3,DA291C
N333-11,Term. São Miguel - Cid. Kemel,3,FFD100
N334-11,Term. A. E. Carvalho - Cptm Guaianazes,3,FFD100
N335-11,Term. Penha - Ermelino Matarazzo,3,FFD100
N336-11,Term. São Miguel - Jd. Camargo Velho,3,FFD100
N337-11,Term. São Miguel - Jd. Camargo Velho,3,FFD100
N339-11,Metrô Itaquera - Artur Alvim,3,FFD100
N340-11,Metrô Itaquera - Jd. Sto. Antônio,3,FFD100
N341-11,Term. São Miguel - Vl. Cisper (cptm Usp),3,FFD100
N342-11,Term. Penha     - Jd. Danfer,3,FFD100
N343-11,Term. A. E. Carvalho - Metrô Itaquera,3,FFD100
N344-11,Term. Penha - Vl. Cisper,3,DA291C
N401-11,Term. Vl. Carrão - Term. Pq. D. Pedro Ii,3,FFD100
N402-11,Metrô Itaquera - Term. Vl. Carrão,3,DA291C
N403-11,Term. Cid. Tiradentes - Metrô Itaquera,3,DA291C
N404-11,Term. São Mateus - Term. Penha,3,FFD100
N405-11,Term. Vl. Carrão - Metrô Itaquera,3,DA291C
N406-11,Term. Cid. Tiradentes - Term. São Mateus,3,DA291C
N407-11,Term. Vl. Carrão - Metrô Belém,3,DA291C
N431-11,Term. São Mateus - Jd. Limoeiro,3,DA291C
N432-11,Term. São Mateus - Jd. Sto. André,3,DA291C
N433-11,Term. Vl. Carrão - Metrô Belém,3,DA291C
N434-11,Term. Vl. Carrão - Jd. Iv Centenário,3,DA291C
N435-11,Term. Cid. Tiradentes - Metalúrgicos,3,DA291C
N436-11,Term. Cid. Tiradentes - Barro Branco,3,DA291C
N437-11,Cptm Guaianazes - Term. Cid. Tiradentes,3,DA291C
N438-11,Metrô Itaquera - Hosp. Sta. Marcelina,3,DA291C
N439-11,Metrô Itaquera - Cohab Fazenda Do Carmo,3,DA291C
N440-11,Term. Vl. Carrão - Savoy/dalila,3,DA291C
N441-11,Term. Cid. Tiradentes - Vl. Yolanda,3,DA291C
N501-11,Term. São Mateus - Term. Pq. D. Pedro Ii,3,6341
N502-11,Term. Sacomã - Term. Pq. D. Pedro Ii,3,6341
N503-11,Term. São Mateus - Term. Pq. D. Pedro Ii,3,6341
N504-11,Term. Vl. Prudente - Term. Pq. D. Pedro Ii,3,6341
N505-11,Term. Sacomã - Term. Pinheiros,3,6341
N506-11,Term. Sacomã - Metrô Vl. Madalena,3,6341
N507-11,Term. Vl. Prudente - Metrô Santana,3,6341
N508-11,Term. Sacomã - Term. Pq. D. Pedro Ii,3,6341
N531-11,Term. Sapopemba - Term. Vl. Prudente,3,6341
N532-11,Term. Sapopemba - Hosp. São Mateus,3,6341
N533-11,Term. Vl. Prudente - Jd. Planalto,3,6341
N534-11,Term. Sacomã - Vl. Arapuá,3,6341
N535-11,Term. Sacomã - Jd. Celeste,3,6341
N536-11,Term. Sacomã - Jd. Itápolis,3,6341
N537-11,Metrô Vl. Mariana - Term. Vl. Prudente,3,6341
N538-11,Term. Sacomã - Jd. Celeste,3,6341
N539-11,Term. Sacomã - Hosp. Heliópolis,3,6341
N540-11,Term. Sapopemba - Jd. São Roberto,3,6341
N601-11,Term. Grajaú - Term. Pq. D. Pedro Ii,3,0082BA
N602-11,Term. Grajaú - Term. Sto. Amaro,3,0082BA
N603-11,Metrô Jabaquara - Term. Pinheiros,3,0082BA
N604-11,Metrô Jabaquara - Term. Pq. D. Pedro Ii,3,0082BA
N631-11,Term. Grajaú - Term. Sto. Amaro,3,0082BA
N632-11,Term. Grajaú - Term. Sto. Amaro,3,0082BA
N633-11,Metrô Jabaquara - Morumbi Shop.,3,0082BA
N634-11,Term. Sto. Amaro - Jd. Luso,3,0082BA
N635-11,Term. Grajaú - Jd. Gaivotas,3,0082BA
N636-11,Term. Grajaú - Jd. Noronha,3,0082BA
N637-11,Metrô Jabaquara - Vl. Missionária,3,0082BA
N638-11,Term. Grajaú - Unisa,3,0082BA
N639-11,Term. Grajaú - Vargem Grande,3,0082BA
N640-11,Term. Sto. Amaro - Eldorado,3,0082BA
N701-11,Term. Sto. Amaro - Term. Pq. D. Pedro Ii,3,782F40
N702-11,Term. Sto. Amaro - Term. Pq. D. Pedro Ii,3,782F40
N703-11,Term. Jd. âNgela - Term. Sto. Amaro,3,782F40
N704-11,Term. Capelinha - Term. Sto. Amaro,3,782F40
N705-11,Term. Sto. Amaro - Term. Pinheiros,3,782F40
N706-11,Term. Campo Limpo - Term. Pinheiros,3,782F40
N731-11,Term. Capelinha - Term. Sto. Amaro,3,782F40
N732-11,Term. Jd. âNgela - Term. Jd. Jacira,3,782F40
N733-11,Term. Jd. âNgela - Vl. Gilda,3,782F40
N734-11,Term. Capelinha - Valo Velho,3,782F40
N735-11,Term. Capelinha - Jd. Guarujá,3,782F40
N736-11,Term. Jd. âNgela - Jd. Horizonte Azul,3,782F40
N737-11,Term. Jd. âNgela - Pq. Do Lago,3,782F40
N738-11,Term. Guarapiranga - Pq. Do Lago,3,782F40
N739-11,Term. Capelinha - Jd. Universal,3,782F40
N740-11,Term. Jd. âNgela - Jd. Riviera,3,782F40
N741-11,Term. Capelinha - Valo Velho,3,782F40
N742-11,Term. João Dias - Term. Pinheiros,3,782F40
N743-11,Term. João Dias - Jd. Planalto,3,782F40
N744-11,Term. João Dias - Jd. Vaz De Lima,3,782F40
N745-11,Term. Capelinha - Term. Campo Limpo,3,782F40
N746-11,Term. Campo Limpo - Jd. Irene,3,782F40
N801-11,Metrô Butantã - Term. Pq. D. Pedro Ii,3,FF671F
N802-11,Term. Pinheiros - Term. Pq. D. Pedro Ii,3,FF671F
N831-11,Term. Lapa - Pq. Da Lapa,3,FF671F
N832-11,Term. Lapa - Pq. Continental,3,FF671F
N833-11,Term. Pinheiros - Ceasa,3,FF671F
N834-11,Term. Lapa - Term. Pinheiros,3,FF671F
N835-11,Term. Pinheiros - Jd. João Xxiii,3,FF671F
N836-11,Term. Pinheiros - Pq. Continental,3,FF671F
N837-11,Term. João Dias - Cdhu Butantã,3,FF671F
N838-11,Metrô Vl. Madalena - Cptm Leopoldina,3,FF671F
N839-11,Metrô Butantã - Metrô Vl. Mariana,3,FF671F
N840-11,Term. Vl. Mariana - Sta. Cecília,3,FF671F
N841-11,Term. Vl. Mariana - Sta. Cecília,3,FF671F
N842-11,Term. Pinheiros - Cohab Raposo Tavares,3,FF671F
N843-11,Term. Capelinha - Pq. Arariba,3,FF671F